ID,Requirement Name,Requirement Text,Activity Name,Combined Score,Semantic Score,BM25 Score,Lexical Score,Entity Score
P.9,P.9 Thermal Precision,The system shall maintain thermal conditions within ±1°C of the specified temperature range for optimal ZBLAN fiber production.,1.1.5 Cool/ Anneal Fiber,0.441,0.551,0.411,0.077,0.0
P.9,P.9 Thermal Precision,The system shall maintain thermal conditions within ±1°C of the specified temperature range for optimal ZBLAN fiber production.,4.1.4 Store Preform at Target Parameters,0.411,0.102,1.4,0.0,0.0
P.9,P.9 Thermal Precision,The system shall maintain thermal conditions within ±1°C of the specified temperature range for optimal ZBLAN fiber production.,2.3.6 Insulate System Thermally,0.402,0.367,0.7,0.071,0.0
P.9,P.9 Thermal Precision,The system shall maintain thermal conditions within ±1°C of the specified temperature range for optimal ZBLAN fiber production.,2.3.3 Transfer Heat Away,0.396,0.406,0.611,0.0,0.0
P.9,P.9 Thermal Precision,The system shall maintain thermal conditions within ±1°C of the specified temperature range for optimal ZBLAN fiber production.,2.3.2 Regulate System Temperature,0.396,0.387,0.592,0.154,0.0
P.8,P.8 Energy Efficiency,"The system shall operate with an energy efficiency of at least 80%, minimizing power consumption during manufacturing processes.",2.2.8 Store Electrical Energy,0.416,0.352,0.786,0.083,0.0
P.8,P.8 Energy Efficiency,"The system shall operate with an energy efficiency of at least 80%, minimizing power consumption during manufacturing processes.",4.1.5 Transfer Preform to Production,0.408,0.119,1.347,0.0,0.0
P.8,P.8 Energy Efficiency,"The system shall operate with an energy efficiency of at least 80%, minimizing power consumption during manufacturing processes.",1.2.1 Collect Real-Time Production Data,0.37,0.3,0.762,0.0,0.0
P.8,P.8 Energy Efficiency,"The system shall operate with an energy efficiency of at least 80%, minimizing power consumption during manufacturing processes.",1.1.3.2 Rotate Heater Stage,0.369,0.277,0.812,0.0,0.0
P.8,P.8 Energy Efficiency,"The system shall operate with an energy efficiency of at least 80%, minimizing power consumption during manufacturing processes.",3.1.1 Monitor Safety Standards (Automated safety checks),0.343,0.313,0.62,0.0,0.0
P.7,P.7 Quality Consistency,"The system shall maintain consistent product quality across production runs, with less than 5% variation in key quality metrics between batches.",1.1.3 Heat Preform,0.431,0.14,1.387,0.0,0.0
P.7,P.7 Quality Consistency,"The system shall maintain consistent product quality across production runs, with less than 5% variation in key quality metrics between batches.",1.2.3 Detect Production Anomalies,0.37,0.296,0.74,0.071,0.0
P.7,P.7 Quality Consistency,"The system shall maintain consistent product quality across production runs, with less than 5% variation in key quality metrics between batches.",1.1.8 Correct Defects,0.321,0.213,0.773,0.0,0.0
P.7,P.7 Quality Consistency,"The system shall maintain consistent product quality across production runs, with less than 5% variation in key quality metrics between batches.",1.2.1 Collect Real-Time Production Data,0.314,0.275,0.571,0.062,0.0
P.7,P.7 Quality Consistency,"The system shall maintain consistent product quality across production runs, with less than 5% variation in key quality metrics between batches.",2.1.2 Calibrate System,0.313,0.284,0.537,0.077,0.0
P.6,P.6 Production Continuity,"The system shall be capable of automatically restarting fiber production within 10 minutes of a production break, maintaining at least 90% of pre-break production quality.",1.1.4 Draw Fiber from Preform,0.579,0.369,1.4,0.071,0.0
P.6,P.6 Production Continuity,"The system shall be capable of automatically restarting fiber production within 10 minutes of a production break, maintaining at least 90% of pre-break production quality.",4.2.3 Prepare Fiber for Transport (Automated handling and packaging),0.474,0.558,0.534,0.059,0.0
P.6,P.6 Production Continuity,"The system shall be capable of automatically restarting fiber production within 10 minutes of a production break, maintaining at least 90% of pre-break production quality.",1.2.3 Detect Production Anomalies,0.432,0.359,0.837,0.071,0.0
P.6,P.6 Production Continuity,"The system shall be capable of automatically restarting fiber production within 10 minutes of a production break, maintaining at least 90% of pre-break production quality.",2.1.4 Repair System,0.422,0.339,0.844,0.077,0.0
P.6,P.6 Production Continuity,"The system shall be capable of automatically restarting fiber production within 10 minutes of a production break, maintaining at least 90% of pre-break production quality.",2.1.3 Detect Faults,0.415,0.224,1.123,0.0,0.0
P.5,P.5 Competitive Pricing,"The system shall produce materials at costs competitive with terrestrial alternatives, accounting for performance benefits of space-manufactured products with a target of $800$ per meter of fiber",1.1.5 Cool/ Anneal Fiber,0.585,0.338,1.507,0.056,0.0
P.5,P.5 Competitive Pricing,"The system shall produce materials at costs competitive with terrestrial alternatives, accounting for performance benefits of space-manufactured products with a target of $800$ per meter of fiber",1.2.2 Analyze Production Efficiency,0.396,0.419,0.579,0.0,0.0
P.5,P.5 Competitive Pricing,"The system shall produce materials at costs competitive with terrestrial alternatives, accounting for performance benefits of space-manufactured products with a target of $800$ per meter of fiber",1.1.6 Spool Fiber,0.342,0.367,0.462,0.056,0.0
P.5,P.5 Competitive Pricing,"The system shall produce materials at costs competitive with terrestrial alternatives, accounting for performance benefits of space-manufactured products with a target of $800$ per meter of fiber",4.2.3 Prepare Fiber for Transport (Automated handling and packaging),0.337,0.479,0.18,0.045,0.0
P.5,P.5 Competitive Pricing,"The system shall produce materials at costs competitive with terrestrial alternatives, accounting for performance benefits of space-manufactured products with a target of $800$ per meter of fiber",2.4.3 Adjust Operations for Radiation Protection,0.327,0.237,0.739,0.0,0.0
P.4,P.4 Commercial Viability,"The system shall support the generation of revenue from at least three distinct sources: product sales, technology licensing, and contracted research services, as verified by a business case analysis.",1.1.6 Spool Fiber,0.407,0.033,1.547,0.0,0.0
P.4,P.4 Commercial Viability,"The system shall support the generation of revenue from at least three distinct sources: product sales, technology licensing, and contracted research services, as verified by a business case analysis.",2.2.1 Generate Solar Power,0.327,0.138,0.778,0.0,1.0
P.4,P.4 Commercial Viability,"The system shall support the generation of revenue from at least three distinct sources: product sales, technology licensing, and contracted research services, as verified by a business case analysis.",1.2.2 Analyze Production Efficiency,0.291,0.313,0.212,0.0,1.0
P.4,P.4 Commercial Viability,"The system shall support the generation of revenue from at least three distinct sources: product sales, technology licensing, and contracted research services, as verified by a business case analysis.",4.1.1 Track Resources (Automated tracking),0.288,0.161,0.564,0.0,1.0
P.4,P.4 Commercial Viability,"The system shall support the generation of revenue from at least three distinct sources: product sales, technology licensing, and contracted research services, as verified by a business case analysis.",7.2.3 Install/Activate Software,0.287,0.119,0.662,0.0,1.0
P.3,P.3 Manufacturing Yield,The system shall achieve a manufacturing yield of at least 95% usable fiber.,1.1.7 Monitor Fiber Quality,0.582,0.428,1.255,0.111,0.0
P.3,P.3 Manufacturing Yield,The system shall achieve a manufacturing yield of at least 95% usable fiber.,4.2.3 Prepare Fiber for Transport (Automated handling and packaging),0.414,0.601,0.18,0.083,0.0
P.3,P.3 Manufacturing Yield,The system shall achieve a manufacturing yield of at least 95% usable fiber.,1.1.5 Cool/ Anneal Fiber,0.403,0.48,0.411,0.125,0.0
P.3,P.3 Manufacturing Yield,The system shall achieve a manufacturing yield of at least 95% usable fiber.,1.1.6 Spool Fiber,0.389,0.561,0.16,0.125,0.0
P.3,P.3 Manufacturing Yield,The system shall achieve a manufacturing yield of at least 95% usable fiber.,1.1.4 Draw Fiber from Preform,0.353,0.391,0.43,0.111,0.0
P.2,P.2 Production Rate,The system shall maintain a production rate of at least 500 meters of ZBLAN fiber per day.,1.1.4 Draw Fiber from Preform,0.392,0.282,0.855,0.091,0.0
P.2,P.2 Production Rate,The system shall maintain a production rate of at least 500 meters of ZBLAN fiber per day.,1.2.3 Detect Production Anomalies,0.382,0.232,0.937,0.091,0.0
P.2,P.2 Production Rate,The system shall maintain a production rate of at least 500 meters of ZBLAN fiber per day.,1.1.5 Cool/ Anneal Fiber,0.382,0.328,0.702,0.1,0.0
P.2,P.2 Production Rate,The system shall maintain a production rate of at least 500 meters of ZBLAN fiber per day.,1.2.2 Analyze Production Efficiency,0.381,0.379,0.579,0.091,0.0
P.2,P.2 Production Rate,The system shall maintain a production rate of at least 500 meters of ZBLAN fiber per day.,1.1.9 Adjust Production Parameters (Autonomous feedback loop),0.377,0.245,0.89,0.071,0.0
P.1,P.1 Fiber Quality,The system shall produce ZBLAN fibers with attenuation rates of 0.05 dB/km or lower at 2.5 ?m wavelength.,1.1.5 Cool/ Anneal Fiber,0.455,0.47,0.652,0.1,0.0
P.1,P.1 Fiber Quality,The system shall produce ZBLAN fibers with attenuation rates of 0.05 dB/km or lower at 2.5 ?m wavelength.,1.2.5.4 Amplify Low Rate Transmission,0.399,0.399,0.564,0.182,0.0
P.1,P.1 Fiber Quality,The system shall produce ZBLAN fibers with attenuation rates of 0.05 dB/km or lower at 2.5 ?m wavelength.,1.2.5.2 Amplify High Rate Transmission,0.392,0.423,0.517,0.083,0.0
P.1,P.1 Fiber Quality,The system shall produce ZBLAN fibers with attenuation rates of 0.05 dB/km or lower at 2.5 ?m wavelength.,1.1.9 Adjust Production Parameters (Autonomous feedback loop),0.388,0.095,1.323,0.0,0.0
P.1,P.1 Fiber Quality,The system shall produce ZBLAN fibers with attenuation rates of 0.05 dB/km or lower at 2.5 ?m wavelength.,1.1.6 Spool Fiber,0.367,0.445,0.16,0.1,1.0
O.23,O.23 Microgravity Disturbance Response,The system shall detect and respond to microgravity disturbances within 1 second to maintain manufacturing process stability.,1.2.1 Collect Real-Time Production Data,0.541,0.32,1.397,0.0,0.0
O.23,O.23 Microgravity Disturbance Response,The system shall detect and respond to microgravity disturbances within 1 second to maintain manufacturing process stability.,1.3.2 Detect Off-Nominal Microgravity Conditions,0.44,0.642,0.157,0.154,0.0
O.23,O.23 Microgravity Disturbance Response,The system shall detect and respond to microgravity disturbances within 1 second to maintain manufacturing process stability.,1.3.1 Monitor Microgravity Conditions,0.408,0.579,0.212,0.077,0.0
O.23,O.23 Microgravity Disturbance Response,The system shall detect and respond to microgravity disturbances within 1 second to maintain manufacturing process stability.,1.2.3 Detect Production Anomalies,0.407,0.335,0.793,0.077,0.0
O.23,O.23 Microgravity Disturbance Response,The system shall detect and respond to microgravity disturbances within 1 second to maintain manufacturing process stability.,2.1.2 Calibrate System,0.346,0.336,0.544,0.083,0.0
O.22,O.22 Fiber Spool Management,The system shall incorporate automated fiber spooling mechanisms capable of handling continuous fiber lengths of up to 50 km.,4.2.3 Prepare Fiber for Transport (Automated handling and packaging),0.545,0.571,0.785,0.062,0.0
O.22,O.22 Fiber Spool Management,The system shall incorporate automated fiber spooling mechanisms capable of handling continuous fiber lengths of up to 50 km.,1.1.6 Spool Fiber,0.495,0.661,0.16,0.083,1.0
O.22,O.22 Fiber Spool Management,The system shall incorporate automated fiber spooling mechanisms capable of handling continuous fiber lengths of up to 50 km.,1.2.2 Analyze Production Efficiency,0.445,0.143,1.439,0.0,0.0
O.22,O.22 Fiber Spool Management,The system shall incorporate automated fiber spooling mechanisms capable of handling continuous fiber lengths of up to 50 km.,1.1.4 Draw Fiber from Preform,0.368,0.318,0.676,0.077,0.0
O.22,O.22 Fiber Spool Management,The system shall incorporate automated fiber spooling mechanisms capable of handling continuous fiber lengths of up to 50 km.,1.1.5 Cool/ Anneal Fiber,0.343,0.387,0.411,0.083,0.0
O.21,O.21 Microgravity Optimization,The system shall maintain a microgravity environment with less than 10^-6 g during ZBLAN fiber production.,1.1.7.1 Measure Fiber Diameter,0.411,0.376,0.7,0.1,0.0
O.21,O.21 Microgravity Optimization,The system shall maintain a microgravity environment with less than 10^-6 g during ZBLAN fiber production.,1.1.4 Draw Fiber from Preform,0.399,0.292,0.855,0.1,0.0
O.21,O.21 Microgravity Optimization,The system shall maintain a microgravity environment with less than 10^-6 g during ZBLAN fiber production.,1.2.3 Detect Production Anomalies,0.366,0.123,1.129,0.1,0.0
O.21,O.21 Microgravity Optimization,The system shall maintain a microgravity environment with less than 10^-6 g during ZBLAN fiber production.,1.1.6 Spool Fiber,0.357,0.427,0.16,0.111,1.0
O.21,O.21 Microgravity Optimization,The system shall maintain a microgravity environment with less than 10^-6 g during ZBLAN fiber production.,1.3.1 Monitor Microgravity Conditions,0.35,0.479,0.212,0.1,0.0
O.20,O.20 Thermal Management,The system shall maintain thermal conditions within specified limits to ensure optimal operation of all components.,2.3.2 Regulate System Temperature,0.482,0.543,0.592,0.077,0.0
O.20,O.20 Thermal Management,The system shall maintain thermal conditions within specified limits to ensure optimal operation of all components.,2.3.6 Insulate System Thermally,0.473,0.483,0.7,0.077,0.0
O.20,O.20 Thermal Management,The system shall maintain thermal conditions within specified limits to ensure optimal operation of all components.,2.3.5 Radiate Heat,0.45,0.447,0.726,0.0,0.0
O.20,O.20 Thermal Management,The system shall maintain thermal conditions within specified limits to ensure optimal operation of all components.,1.3.3 Adjust Manufacturing Parameters for Off-Nominal Conditions,0.395,0.349,0.717,0.067,0.0
O.20,O.20 Thermal Management,The system shall maintain thermal conditions within specified limits to ensure optimal operation of all components.,1.2.4 Generate Production Reports,0.382,0.055,1.394,0.0,0.0
O.19,O.19 Fault Tolerance,"The system shall include fault-tolerant mechanisms capable of maintaining at least 90% of nominal operational functionality for up to 72 hours following a single-point component failure, as verified through fault injection testing and performance analysis.",1.2.5 Transmit Data to Ground Control,0.491,0.169,1.559,0.0,0.0
O.19,O.19 Fault Tolerance,"The system shall include fault-tolerant mechanisms capable of maintaining at least 90% of nominal operational functionality for up to 72 hours following a single-point component failure, as verified through fault injection testing and performance analysis.",2.1.4 Repair System,0.469,0.543,0.555,0.043,0.0
O.19,O.19 Fault Tolerance,"The system shall include fault-tolerant mechanisms capable of maintaining at least 90% of nominal operational functionality for up to 72 hours following a single-point component failure, as verified through fault injection testing and performance analysis.",2.1.5 Test System After Repairs,0.443,0.429,0.728,0.042,0.0
O.19,O.19 Fault Tolerance,"The system shall include fault-tolerant mechanisms capable of maintaining at least 90% of nominal operational functionality for up to 72 hours following a single-point component failure, as verified through fault injection testing and performance analysis.",3.2.3 Implement Safety Measures (Automated actions to mitigate risk),0.377,0.394,0.563,0.0,0.0
O.19,O.19 Fault Tolerance,"The system shall include fault-tolerant mechanisms capable of maintaining at least 90% of nominal operational functionality for up to 72 hours following a single-point component failure, as verified through fault injection testing and performance analysis.",2.1.3 Detect Faults,0.373,0.386,0.549,0.043,0.0
O.18,O.18 Crew Safety,The system shall include safety protocols to protect crew members during maintenance and operation in space.,1.3.1 Monitor Microgravity Conditions,0.484,0.221,1.404,0.0,0.0
O.18,O.18 Crew Safety,The system shall include safety protocols to protect crew members during maintenance and operation in space.,3.2.3 Implement Safety Measures (Automated actions to mitigate risk),0.41,0.573,0.242,0.059,0.0
O.18,O.18 Crew Safety,The system shall include safety protocols to protect crew members during maintenance and operation in space.,3.1.1 Monitor Safety Standards (Automated safety checks),0.405,0.444,0.53,0.067,0.0
O.18,O.18 Crew Safety,The system shall include safety protocols to protect crew members during maintenance and operation in space.,3.2.2 Analyze Safety Data,0.402,0.363,0.705,0.077,0.0
O.18,O.18 Crew Safety,The system shall include safety protocols to protect crew members during maintenance and operation in space.,2.1.4.1 Initiate Autonomous Repairs (Remote or autonomous actions),0.346,0.338,0.574,0.0,0.0
O.17,O.17 Supply Chain Management,"The system shall incorporate supply chain management protocols capable of tracking and verifying the delivery of 95% of raw materials and components within ±5 days of scheduled delivery dates during nominal operations, as verified through system performance simulations and operational data analysis.",1.3.2 Detect Off-Nominal Microgravity Conditions,0.438,0.081,1.541,0.037,0.0
O.17,O.17 Supply Chain Management,"The system shall incorporate supply chain management protocols capable of tracking and verifying the delivery of 95% of raw materials and components within ±5 days of scheduled delivery dates during nominal operations, as verified through system performance simulations and operational data analysis.",1.2.2 Analyze Production Efficiency,0.407,0.332,0.831,0.0,0.0
O.17,O.17 Supply Chain Management,"The system shall incorporate supply chain management protocols capable of tracking and verifying the delivery of 95% of raw materials and components within ±5 days of scheduled delivery dates during nominal operations, as verified through system performance simulations and operational data analysis.",3.2.3 Implement Safety Measures (Automated actions to mitigate risk),0.372,0.291,0.79,0.0,0.0
O.17,O.17 Supply Chain Management,"The system shall incorporate supply chain management protocols capable of tracking and verifying the delivery of 95% of raw materials and components within ±5 days of scheduled delivery dates during nominal operations, as verified through system performance simulations and operational data analysis.",4.2.3 Prepare Fiber for Transport (Automated handling and packaging),0.368,0.377,0.568,0.0,0.0
O.17,O.17 Supply Chain Management,"The system shall incorporate supply chain management protocols capable of tracking and verifying the delivery of 95% of raw materials and components within ±5 days of scheduled delivery dates during nominal operations, as verified through system performance simulations and operational data analysis.",4.1.1 Track Resources (Automated tracking),0.362,0.245,0.845,0.037,0.0
O.16,O.16 Launch Operations,"The system shall integrate seamlessly with launch operations, ensuring compatibility with standard launch vehicle interfaces and procedures.",1.3.3 Adjust Manufacturing Parameters for Off-Nominal Conditions,0.464,0.183,1.416,0.0,0.0
O.16,O.16 Launch Operations,"The system shall integrate seamlessly with launch operations, ensuring compatibility with standard launch vehicle interfaces and procedures.",2.1.1.1 Conduct Autonomous Diagnostics,0.405,0.368,0.735,0.0,0.0
O.16,O.16 Launch Operations,"The system shall integrate seamlessly with launch operations, ensuring compatibility with standard launch vehicle interfaces and procedures.",3.2.3 Implement Safety Measures (Automated actions to mitigate risk),0.372,0.379,0.577,0.0,0.0
O.16,O.16 Launch Operations,"The system shall integrate seamlessly with launch operations, ensuring compatibility with standard launch vehicle interfaces and procedures.",4.1.3.1 Coordinate Automated Resource Transfer,0.367,0.373,0.574,0.0,0.0
O.16,O.16 Launch Operations,"The system shall integrate seamlessly with launch operations, ensuring compatibility with standard launch vehicle interfaces and procedures.",2.1.5 Test System After Repairs,0.355,0.214,0.877,0.071,0.0
O.15,O.15 Radiation Protection,"The system shall provide sufficient radiation shielding to protect sensitive equipment and materials, ensuring less than 5% degradation in performance over its operational lifetime.",2.4.1 Monitor Radiation Levels,0.473,0.531,0.595,0.059,0.0
O.15,O.15 Radiation Protection,"The system shall provide sufficient radiation shielding to protect sensitive equipment and materials, ensuring less than 5% degradation in performance over its operational lifetime.",2.1.1 Inspect System,0.463,0.147,1.473,0.062,0.0
O.15,O.15 Radiation Protection,"The system shall provide sufficient radiation shielding to protect sensitive equipment and materials, ensuring less than 5% degradation in performance over its operational lifetime.",2.4.2 Analyze Radiation Exposure Data,0.458,0.49,0.634,0.056,0.0
O.15,O.15 Radiation Protection,"The system shall provide sufficient radiation shielding to protect sensitive equipment and materials, ensuring less than 5% degradation in performance over its operational lifetime.",2.4.3 Adjust Operations for Radiation Protection,0.436,0.625,0.22,0.056,0.0
O.15,O.15 Radiation Protection,"The system shall provide sufficient radiation shielding to protect sensitive equipment and materials, ensuring less than 5% degradation in performance over its operational lifetime.",3.2.3 Implement Safety Measures (Automated actions to mitigate risk),0.362,0.369,0.563,0.0,0.0
O.14,O.14 Process Versatility,The system shall be adaptable to process at least three different types of products beyond ZBLAN within its operational lifetime,2.1.2 Calibrate System,0.517,0.215,1.315,0.091,1.0
O.14,O.14 Process Versatility,The system shall be adaptable to process at least three different types of products beyond ZBLAN within its operational lifetime,6.2.3 Generate Optimization Suggestions (Autonomous optimization algorithms),0.382,0.241,0.748,0.0,1.0
O.14,O.14 Process Versatility,The system shall be adaptable to process at least three different types of products beyond ZBLAN within its operational lifetime,1.1.9 Adjust Production Parameters (Autonomous feedback loop),0.36,0.279,0.572,0.0,1.0
O.14,O.14 Process Versatility,The system shall be adaptable to process at least three different types of products beyond ZBLAN within its operational lifetime,3.2.3 Implement Safety Measures (Automated actions to mitigate risk),0.358,0.279,0.563,0.0,1.0
O.14,O.14 Process Versatility,The system shall be adaptable to process at least three different types of products beyond ZBLAN within its operational lifetime,1.2.1 Collect Real-Time Production Data,0.353,0.267,0.571,0.0,1.0
O.13,O.13 Automation,"The system shall operate autonomously for at least 95% of its production time, including the ability to automatically restart fiber production after breaks.",1.1.4 Draw Fiber from Preform,0.483,0.311,1.158,0.071,0.0
O.13,O.13 Automation,"The system shall operate autonomously for at least 95% of its production time, including the ability to automatically restart fiber production after breaks.",2.1.3 Detect Faults,0.465,0.192,1.4,0.0,0.0
O.13,O.13 Automation,"The system shall operate autonomously for at least 95% of its production time, including the ability to automatically restart fiber production after breaks.",2.1.5.2 Remote Monitoring of Repair Testing,0.387,0.307,0.811,0.0,0.0
O.13,O.13 Automation,"The system shall operate autonomously for at least 95% of its production time, including the ability to automatically restart fiber production after breaks.",2.1.4 Repair System,0.37,0.314,0.697,0.077,0.0
O.13,O.13 Automation,"The system shall operate autonomously for at least 95% of its production time, including the ability to automatically restart fiber production after breaks.",1.2.3 Detect Production Anomalies,0.368,0.315,0.685,0.071,0.0
O.12,O.12 Production Ramping,The system shall be capable of scaling production capacity from initial demonstration levels to full commercial production levels of up to 50 km of ZBLAN fiber per draw.,1.2.5.2 Amplify High Rate Transmission,0.459,0.39,0.899,0.0,0.0
O.12,O.12 Production Ramping,The system shall be capable of scaling production capacity from initial demonstration levels to full commercial production levels of up to 50 km of ZBLAN fiber per draw.,2.1.4 Repair System,0.44,0.122,1.438,0.071,0.0
O.12,O.12 Production Ramping,The system shall be capable of scaling production capacity from initial demonstration levels to full commercial production levels of up to 50 km of ZBLAN fiber per draw.,1.1.4 Draw Fiber from Preform,0.42,0.312,0.876,0.143,0.0
O.12,O.12 Production Ramping,The system shall be capable of scaling production capacity from initial demonstration levels to full commercial production levels of up to 50 km of ZBLAN fiber per draw.,1.2.2 Analyze Production Efficiency,0.382,0.293,0.798,0.067,0.0
O.12,O.12 Production Ramping,The system shall be capable of scaling production capacity from initial demonstration levels to full commercial production levels of up to 50 km of ZBLAN fiber per draw.,1.1.6 Spool Fiber,0.36,0.437,0.16,0.071,1.0
O.11,O.11 Scalable Production,"The system shall include docking interfaces compliant with the International Docking System Standard (IDSS) to support the addition of at least two production modules post-launch, verified through interface conformity analysis and simulated docking operations.",2.1.5 Test System After Repairs,0.553,0.197,1.521,0.043,1.0
O.11,O.11 Scalable Production,"The system shall include docking interfaces compliant with the International Docking System Standard (IDSS) to support the addition of at least two production modules post-launch, verified through interface conformity analysis and simulated docking operations.",1.3.3 Adjust Manufacturing Parameters for Off-Nominal Conditions,0.456,0.249,1.026,0.0,1.0
O.11,O.11 Scalable Production,"The system shall include docking interfaces compliant with the International Docking System Standard (IDSS) to support the addition of at least two production modules post-launch, verified through interface conformity analysis and simulated docking operations.",7.1.8 Support Platform Structure,0.396,0.322,0.596,0.043,1.0
O.11,O.11 Scalable Production,"The system shall include docking interfaces compliant with the International Docking System Standard (IDSS) to support the addition of at least two production modules post-launch, verified through interface conformity analysis and simulated docking operations.",1.3.2 Detect Off-Nominal Microgravity Conditions,0.394,0.264,0.742,0.0,1.0
O.11,O.11 Scalable Production,"The system shall include docking interfaces compliant with the International Docking System Standard (IDSS) to support the addition of at least two production modules post-launch, verified through interface conformity analysis and simulated docking operations.",1.3.1 Monitor Microgravity Conditions,0.375,0.227,0.755,0.0,1.0
O.10,O.10 Upgradable Technologies,"The system shall include modular hardware and software interfaces that support integration of at least three new manufacturing technologies or processes, as verified by simulated upgrades and functional tests during design validation.",2.1.5 Test System After Repairs,0.445,0.248,0.949,0.095,1.0
O.10,O.10 Upgradable Technologies,"The system shall include modular hardware and software interfaces that support integration of at least three new manufacturing technologies or processes, as verified by simulated upgrades and functional tests during design validation.",2.2.1 Generate Solar Power,0.428,0.0,1.51,0.0,1.0
O.10,O.10 Upgradable Technologies,"The system shall include modular hardware and software interfaces that support integration of at least three new manufacturing technologies or processes, as verified by simulated upgrades and functional tests during design validation.",1.3.3 Adjust Manufacturing Parameters for Off-Nominal Conditions,0.409,0.379,0.525,0.0,1.0
O.10,O.10 Upgradable Technologies,"The system shall include modular hardware and software interfaces that support integration of at least three new manufacturing technologies or processes, as verified by simulated upgrades and functional tests during design validation.",3.1.1 Monitor Safety Standards (Automated safety checks),0.408,0.339,0.62,0.0,1.0
O.10,O.10 Upgradable Technologies,"The system shall include modular hardware and software interfaces that support integration of at least three new manufacturing technologies or processes, as verified by simulated upgrades and functional tests during design validation.",4.1.2 Request Resupply (Autonomous resupply request),0.403,0.23,0.861,0.0,1.0
O.9,O.9 User-Friendly Interfaces,"The system shall be compatible with NASA's Space Network (SN) ground control equipment, including the Tracking and Data Relay Satellite System (TDRSS), achieving at least 99.5% data transmission success during simulated and operational communication tests under nominal and contingency scenarios.",1.2.5 Transmit Data to Ground Control,0.502,0.505,0.752,0.111,0.0
O.9,O.9 User-Friendly Interfaces,"The system shall be compatible with NASA's Space Network (SN) ground control equipment, including the Tracking and Data Relay Satellite System (TDRSS), achieving at least 99.5% data transmission success during simulated and operational communication tests under nominal and contingency scenarios.",7.1.1 Receive and Secure Modules in Orbit,0.465,0.471,0.729,0.0,0.0
O.9,O.9 User-Friendly Interfaces,"The system shall be compatible with NASA's Space Network (SN) ground control equipment, including the Tracking and Data Relay Satellite System (TDRSS), achieving at least 99.5% data transmission success during simulated and operational communication tests under nominal and contingency scenarios.",2.2.2 Condition Power,0.428,0.063,1.562,0.0,0.0
O.9,O.9 User-Friendly Interfaces,"The system shall be compatible with NASA's Space Network (SN) ground control equipment, including the Tracking and Data Relay Satellite System (TDRSS), achieving at least 99.5% data transmission success during simulated and operational communication tests under nominal and contingency scenarios.",4.2.2 Coordinate Resource Transfers (Remote coordination),0.386,0.352,0.697,0.0,0.0
O.9,O.9 User-Friendly Interfaces,"The system shall be compatible with NASA's Space Network (SN) ground control equipment, including the Tracking and Data Relay Satellite System (TDRSS), achieving at least 99.5% data transmission success during simulated and operational communication tests under nominal and contingency scenarios.",2.1.1.2 Monitor System Health,0.371,0.283,0.788,0.036,0.0
O.8,O.8 Standardized Data Formats,"The system shall utilize standardized data formats and protocols for all manufacturing processes, system operations, and ground communications.",1.2.1 Collect Real-Time Production Data,0.405,0.358,0.762,0.0,0.0
O.8,O.8 Standardized Data Formats,"The system shall utilize standardized data formats and protocols for all manufacturing processes, system operations, and ground communications.",2.2.3 Distribute Power,0.375,0.03,1.428,0.0,0.0
O.8,O.8 Standardized Data Formats,"The system shall utilize standardized data formats and protocols for all manufacturing processes, system operations, and ground communications.",6.1.1 Capture Sensor Data (Automated and continuous),0.338,0.281,0.678,0.0,0.0
O.8,O.8 Standardized Data Formats,"The system shall utilize standardized data formats and protocols for all manufacturing processes, system operations, and ground communications.",4.1.3.1 Coordinate Automated Resource Transfer,0.332,0.314,0.574,0.0,0.0
O.8,O.8 Standardized Data Formats,"The system shall utilize standardized data formats and protocols for all manufacturing processes, system operations, and ground communications.",4.1.5 Transfer Preform to Production,0.315,0.214,0.746,0.0,0.0
O.7,O.7 Data Distribution,"The system shall support secure and efficient distribution of manufacturing data, telemetry, and product information between the orbital platform and ground stations, with data transmission reliability of at least 99.9% and a latency of no more than 500 milliseconds, as verified by communication link performance tests.",2.3.1 Monitor Thermal Environment,0.487,0.175,1.526,0.0,0.0
O.7,O.7 Data Distribution,"The system shall support secure and efficient distribution of manufacturing data, telemetry, and product information between the orbital platform and ground stations, with data transmission reliability of at least 99.9% and a latency of no more than 500 milliseconds, as verified by communication link performance tests.",4.1.3 Receive Resupply,0.442,0.304,1.038,0.0,0.0
O.7,O.7 Data Distribution,"The system shall support secure and efficient distribution of manufacturing data, telemetry, and product information between the orbital platform and ground stations, with data transmission reliability of at least 99.9% and a latency of no more than 500 milliseconds, as verified by communication link performance tests.",7.1.1 Receive and Secure Modules in Orbit,0.432,0.563,0.364,0.037,0.0
O.7,O.7 Data Distribution,"The system shall support secure and efficient distribution of manufacturing data, telemetry, and product information between the orbital platform and ground stations, with data transmission reliability of at least 99.9% and a latency of no more than 500 milliseconds, as verified by communication link performance tests.",4.2.2 Coordinate Resource Transfers (Remote coordination),0.432,0.393,0.785,0.0,0.0
O.7,O.7 Data Distribution,"The system shall support secure and efficient distribution of manufacturing data, telemetry, and product information between the orbital platform and ground stations, with data transmission reliability of at least 99.9% and a latency of no more than 500 milliseconds, as verified by communication link performance tests.",4.1.2 Request Resupply (Autonomous resupply request),0.418,0.291,0.976,0.0,0.0
O.6,O.6 Environmental Survivability,"The system shall withstand the harsh space environment, including radiation, thermal cycling, and micrometeoroid impacts, without critical failure.",2.3.2 Regulate System Temperature,0.477,0.161,1.497,0.062,0.0
O.6,O.6 Environmental Survivability,"The system shall withstand the harsh space environment, including radiation, thermal cycling, and micrometeoroid impacts, without critical failure.",1.3.1 Monitor Microgravity Conditions,0.41,0.365,0.763,0.0,0.0
O.6,O.6 Environmental Survivability,"The system shall withstand the harsh space environment, including radiation, thermal cycling, and micrometeoroid impacts, without critical failure.",3.1.1 Monitor Safety Standards (Automated safety checks),0.37,0.303,0.754,0.0,0.0
O.6,O.6 Environmental Survivability,"The system shall withstand the harsh space environment, including radiation, thermal cycling, and micrometeoroid impacts, without critical failure.",2.4.3 Adjust Operations for Radiation Protection,0.317,0.428,0.22,0.059,0.0
O.6,O.6 Environmental Survivability,"The system shall withstand the harsh space environment, including radiation, thermal cycling, and micrometeoroid impacts, without critical failure.",3.2.2 Analyze Safety Data,0.306,0.233,0.664,0.0,0.0
O.5,O.5 Operational Availability,The system shall maintain a minimum of 95% operational availability throughout its design life.,2.4.1 Monitor Radiation Levels,0.456,0.221,1.296,0.0,0.0
O.5,O.5 Operational Availability,The system shall maintain a minimum of 95% operational availability throughout its design life.,3.1.1 Monitor Safety Standards (Automated safety checks),0.433,0.373,0.836,0.0,0.0
O.5,O.5 Operational Availability,The system shall maintain a minimum of 95% operational availability throughout its design life.,2.1.1.1 Conduct Autonomous Diagnostics,0.373,0.325,0.713,0.0,0.0
O.5,O.5 Operational Availability,The system shall maintain a minimum of 95% operational availability throughout its design life.,3.2.3 Implement Safety Measures (Automated actions to mitigate risk),0.348,0.345,0.563,0.0,0.0
O.5,O.5 Operational Availability,The system shall maintain a minimum of 95% operational availability throughout its design life.,4.1.2 Request Resupply (Autonomous resupply request),0.298,0.309,0.449,0.0,0.0
O.4,O.4 Command and Control,"The system shall provide secure and reliable command and control capabilities for all orbital manufacturing operations, with at least 99.9% command success rate and data integrity, as verified by operational and simulated mission scenarios.",7.1.1 Receive and Secure Modules in Orbit,0.513,0.514,0.799,0.043,0.0
O.4,O.4 Command and Control,"The system shall provide secure and reliable command and control capabilities for all orbital manufacturing operations, with at least 99.9% command success rate and data integrity, as verified by operational and simulated mission scenarios.",2.4.2 Analyze Radiation Exposure Data,0.469,0.151,1.496,0.043,0.0
O.4,O.4 Command and Control,"The system shall provide secure and reliable command and control capabilities for all orbital manufacturing operations, with at least 99.9% command success rate and data integrity, as verified by operational and simulated mission scenarios.",3.2.3 Implement Safety Measures (Automated actions to mitigate risk),0.423,0.375,0.79,0.0,0.0
O.4,O.4 Command and Control,"The system shall provide secure and reliable command and control capabilities for all orbital manufacturing operations, with at least 99.9% command success rate and data integrity, as verified by operational and simulated mission scenarios.",3.3.1 Monitor Orbital Environment for Debris,0.402,0.382,0.673,0.043,0.0
O.4,O.4 Command and Control,"The system shall provide secure and reliable command and control capabilities for all orbital manufacturing operations, with at least 99.9% command success rate and data integrity, as verified by operational and simulated mission scenarios.",4.2.1 Schedule Resupply Operations (Automated scheduling),0.401,0.31,0.842,0.042,0.0
O.3,O.3 Safe Return,The system shall return manufactured ZBLAN fibers to Earth safely and intact for commercial use.,2.4.3 Adjust Operations for Radiation Protection,0.49,0.232,1.404,0.0,0.0
O.3,O.3 Safe Return,The system shall return manufactured ZBLAN fibers to Earth safely and intact for commercial use.,1.1.5 Cool/ Anneal Fiber,0.376,0.35,0.63,0.083,0.0
O.3,O.3 Safe Return,The system shall return manufactured ZBLAN fibers to Earth safely and intact for commercial use.,4.2.3 Prepare Fiber for Transport (Automated handling and packaging),0.358,0.512,0.18,0.062,0.0
O.3,O.3 Safe Return,The system shall return manufactured ZBLAN fibers to Earth safely and intact for commercial use.,2.1.4 Repair System,0.34,0.206,0.831,0.083,0.0
O.3,O.3 Safe Return,The system shall return manufactured ZBLAN fibers to Earth safely and intact for commercial use.,3.1.2 Report Safety Incidents (Automated logging and reporting),0.334,0.198,0.861,0.0,0.0
O.2,O.2 Continuous Operation,The system shall be designed to operate continuously in the space environment for a minimum of 5 years without requiring physical human intervention.,3.1.1 Monitor Safety Standards (Automated safety checks),0.531,0.266,1.485,0.0,0.0
O.2,O.2 Continuous Operation,The system shall be designed to operate continuously in the space environment for a minimum of 5 years without requiring physical human intervention.,2.4.1 Monitor Radiation Levels,0.386,0.26,0.923,0.0,0.0
O.2,O.2 Continuous Operation,The system shall be designed to operate continuously in the space environment for a minimum of 5 years without requiring physical human intervention.,1.3.1 Monitor Microgravity Conditions,0.335,0.327,0.556,0.0,0.0
O.2,O.2 Continuous Operation,The system shall be designed to operate continuously in the space environment for a minimum of 5 years without requiring physical human intervention.,6.2.1 Evaluate Performance Metrics (Autonomous analysis),0.325,0.21,0.795,0.0,0.0
O.2,O.2 Continuous Operation,The system shall be designed to operate continuously in the space environment for a minimum of 5 years without requiring physical human intervention.,6.1.1.6 Track Sun Position,0.321,0.233,0.726,0.0,0.0
O.1,O.1 High-Quality Production,The system shall produce ZBLAN fibers with less than 1 crystallization defect per kilometer of fiber manufactured in microgravity,1.1.5 Cool/ Anneal Fiber,0.501,0.491,0.788,0.091,0.0
O.1,O.1 High-Quality Production,The system shall produce ZBLAN fibers with less than 1 crystallization defect per kilometer of fiber manufactured in microgravity,3.1.2 Report Safety Incidents (Automated logging and reporting),0.411,0.057,1.309,0.0,1.0
O.1,O.1 High-Quality Production,The system shall produce ZBLAN fibers with less than 1 crystallization defect per kilometer of fiber manufactured in microgravity,1.1.7 Monitor Fiber Quality,0.386,0.317,0.548,0.083,1.0
O.1,O.1 High-Quality Production,The system shall produce ZBLAN fibers with less than 1 crystallization defect per kilometer of fiber manufactured in microgravity,4.2.3 Prepare Fiber for Transport (Automated handling and packaging),0.364,0.437,0.18,0.067,1.0
O.1,O.1 High-Quality Production,The system shall produce ZBLAN fibers with less than 1 crystallization defect per kilometer of fiber manufactured in microgravity,2.4.3 Adjust Operations for Radiation Protection,0.34,0.123,0.867,0.0,1.0
I.11,I.11 Product Return Interface,The system shall interface with a secure product return capsule capable of safely transporting at least 50 km of produced ZBLAN fiber to Earth.,1.1.5 Cool/ Anneal Fiber,0.428,0.378,0.777,0.067,0.0
I.11,I.11 Product Return Interface,The system shall interface with a secure product return capsule capable of safely transporting at least 50 km of produced ZBLAN fiber to Earth.,1.1.6 Spool Fiber,0.421,0.415,0.462,0.067,1.0
I.11,I.11 Product Return Interface,The system shall interface with a secure product return capsule capable of safely transporting at least 50 km of produced ZBLAN fiber to Earth.,2.4.3 Adjust Operations for Radiation Protection,0.418,0.225,1.132,0.0,0.0
I.11,I.11 Product Return Interface,The system shall interface with a secure product return capsule capable of safely transporting at least 50 km of produced ZBLAN fiber to Earth.,3.1.3 Implement Policy Changes,0.4,0.079,1.411,0.0,0.0
I.11,I.11 Product Return Interface,The system shall interface with a secure product return capsule capable of safely transporting at least 50 km of produced ZBLAN fiber to Earth.,4.2.3 Prepare Fiber for Transport (Automated handling and packaging),0.396,0.566,0.18,0.111,0.0
I.10,I.10 Raw Material Interface,The system shall interface with standardized raw material containers to facilitate easy resupply and material changeout.,3.2.1 Detect Safety Hazards (Autonomous hazard detection),0.448,0.145,1.442,0.0,0.0
I.10,I.10 Raw Material Interface,The system shall interface with standardized raw material containers to facilitate easy resupply and material changeout.,4.1.1 Track Resources (Automated tracking),0.38,0.226,0.98,0.0,0.0
I.10,I.10 Raw Material Interface,The system shall interface with standardized raw material containers to facilitate easy resupply and material changeout.,4.1.2 Request Resupply (Autonomous resupply request),0.369,0.41,0.462,0.077,0.0
I.10,I.10 Raw Material Interface,The system shall interface with standardized raw material containers to facilitate easy resupply and material changeout.,4.2.1 Schedule Resupply Operations (Automated scheduling),0.341,0.463,0.228,0.067,0.0
I.10,I.10 Raw Material Interface,The system shall interface with standardized raw material containers to facilitate easy resupply and material changeout.,2.1.4.1 Initiate Autonomous Repairs (Remote or autonomous actions),0.325,0.252,0.693,0.0,0.0
I.9,I.9 Maintenance Interface,"The system shall provide interfaces for maintenance activities, allowing for easy access to critical components.",3.2.2 Analyze Safety Data,0.488,0.213,1.44,0.0,0.0
I.9,I.9 Maintenance Interface,"The system shall provide interfaces for maintenance activities, allowing for easy access to critical components.",3.2.3 Implement Safety Measures (Automated actions to mitigate risk),0.464,0.438,0.805,0.0,0.0
I.9,I.9 Maintenance Interface,"The system shall provide interfaces for maintenance activities, allowing for easy access to critical components.",2.1.1 Inspect System,0.372,0.383,0.533,0.083,0.0
I.9,I.9 Maintenance Interface,"The system shall provide interfaces for maintenance activities, allowing for easy access to critical components.",2.1.4 Repair System,0.369,0.525,0.18,0.083,0.0
I.9,I.9 Maintenance Interface,"The system shall provide interfaces for maintenance activities, allowing for easy access to critical components.",3.2.1 Detect Safety Hazards (Autonomous hazard detection),0.365,0.267,0.82,0.0,0.0
I.8,I.8 Data Interface,The system shall interface with external data systems to allow for the exchange of operational data and analytics.,3.2.3 Implement Safety Measures (Automated actions to mitigate risk),0.479,0.251,1.313,0.0,0.0
I.8,I.8 Data Interface,The system shall interface with external data systems to allow for the exchange of operational data and analytics.,3.2.2 Analyze Safety Data,0.392,0.298,0.814,0.091,0.0
I.8,I.8 Data Interface,The system shall interface with external data systems to allow for the exchange of operational data and analytics.,6.1.3 Store Performance Data,0.379,0.29,0.782,0.091,0.0
I.8,I.8 Data Interface,The system shall interface with external data systems to allow for the exchange of operational data and analytics.,1.2.1 Collect Real-Time Production Data,0.329,0.447,0.212,0.077,0.0
I.8,I.8 Data Interface,The system shall interface with external data systems to allow for the exchange of operational data and analytics.,6.2.1 Evaluate Performance Metrics (Autonomous analysis),0.305,0.277,0.557,0.0,0.0
I.7,I.7 Human Interface,The system shall provide intuitive interfaces that allow trained personnel to perform necessary operations with less than 1 hour of specific task training.,3.3.1 Monitor Orbital Environment for Debris,0.391,0.032,1.488,0.0,0.0
I.7,I.7 Human Interface,The system shall provide intuitive interfaces that allow trained personnel to perform necessary operations with less than 1 hour of specific task training.,3.2.3 Implement Safety Measures (Automated actions to mitigate risk),0.388,0.311,0.805,0.0,0.0
I.7,I.7 Human Interface,The system shall provide intuitive interfaces that allow trained personnel to perform necessary operations with less than 1 hour of specific task training.,3.2.2 Analyze Safety Data,0.332,0.157,0.952,0.0,0.0
I.7,I.7 Human Interface,The system shall provide intuitive interfaces that allow trained personnel to perform necessary operations with less than 1 hour of specific task training.,2.1.4.1 Initiate Autonomous Repairs (Remote or autonomous actions),0.323,0.299,0.574,0.0,0.0
I.7,I.7 Human Interface,The system shall provide intuitive interfaces that allow trained personnel to perform necessary operations with less than 1 hour of specific task training.,2.1.1 Inspect System,0.317,0.296,0.533,0.062,0.0
I.6,I.6 Existing Infrastructure,"The system shall interface with existing space infrastructure for power, data, and other resources.",4.1.2 Request Resupply (Autonomous resupply request),0.389,0.332,0.757,0.0,0.0
I.6,I.6 Existing Infrastructure,"The system shall interface with existing space infrastructure for power, data, and other resources.",2.1.4.2 Coordinate Remote Repair Support (Ground-based intervention),0.373,0.324,0.713,0.0,0.0
I.6,I.6 Existing Infrastructure,"The system shall interface with existing space infrastructure for power, data, and other resources.",3.3.2 Implement Collision Avoidance Maneuvers,0.362,0.065,1.292,0.0,0.0
I.6,I.6 Existing Infrastructure,"The system shall interface with existing space infrastructure for power, data, and other resources.",2.1.1.2 Monitor System Health,0.356,0.272,0.737,0.091,0.0
I.6,I.6 Existing Infrastructure,"The system shall interface with existing space infrastructure for power, data, and other resources.",4.2.2 Coordinate Resource Transfers (Remote coordination),0.346,0.356,0.498,0.077,0.0
I.5,I.5 Launch Vehicle Compatibility,"The system shall be compatible with the SpaceX Falcon 9 and United Launch Alliance Atlas V launch vehicles, as verified through review of the corresponding Interface Control Documents (ICDs) for each vehicle.",3.3.3 Execute End-of-Life Deorbiting Procedures,0.397,0.02,1.539,0.0,0.0
I.5,I.5 Launch Vehicle Compatibility,"The system shall be compatible with the SpaceX Falcon 9 and United Launch Alliance Atlas V launch vehicles, as verified through review of the corresponding Interface Control Documents (ICDs) for each vehicle.",1.3.3 Adjust Manufacturing Parameters for Off-Nominal Conditions,0.306,0.1,0.984,0.0,0.0
I.5,I.5 Launch Vehicle Compatibility,"The system shall be compatible with the SpaceX Falcon 9 and United Launch Alliance Atlas V launch vehicles, as verified through review of the corresponding Interface Control Documents (ICDs) for each vehicle.",2.1.5 Test System After Repairs,0.285,0.134,0.795,0.053,0.0
I.5,I.5 Launch Vehicle Compatibility,"The system shall be compatible with the SpaceX Falcon 9 and United Launch Alliance Atlas V launch vehicles, as verified through review of the corresponding Interface Control Documents (ICDs) for each vehicle.",7.1.4 Verify Hardware Installation,0.272,0.192,0.606,0.053,0.0
I.5,I.5 Launch Vehicle Compatibility,"The system shall be compatible with the SpaceX Falcon 9 and United Launch Alliance Atlas V launch vehicles, as verified through review of the corresponding Interface Control Documents (ICDs) for each vehicle.",4.2.2 Coordinate Resource Transfers (Remote coordination),0.27,0.227,0.537,0.0,0.0
I.4,I.4 Resupply and Retrieval,The system shall accommodate resupply of raw materials and retrieval of finished products via standard cargo spacecraft.,4.1.1 Track Resources (Automated tracking),0.488,0.195,1.485,0.0,0.0
I.4,I.4 Resupply and Retrieval,The system shall accommodate resupply of raw materials and retrieval of finished products via standard cargo spacecraft.,4.1.3 Receive Resupply,0.374,0.369,0.578,0.077,0.0
I.4,I.4 Resupply and Retrieval,The system shall accommodate resupply of raw materials and retrieval of finished products via standard cargo spacecraft.,2.1.4.1 Initiate Autonomous Repairs (Remote or autonomous actions),0.351,0.296,0.693,0.0,0.0
I.4,I.4 Resupply and Retrieval,The system shall accommodate resupply of raw materials and retrieval of finished products via standard cargo spacecraft.,4.2.1 Schedule Resupply Operations (Automated scheduling),0.341,0.463,0.228,0.062,0.0
I.4,I.4 Resupply and Retrieval,The system shall accommodate resupply of raw materials and retrieval of finished products via standard cargo spacecraft.,2.1.3.1 Monitor Sensor Data (Remote diagnostics support),0.323,0.206,0.797,0.0,0.0
I.3,I.3 Infrastructure Interface,"The system shall interface with the host space station or platform for power, thermal management, and structural support during test flights or as needed for repair and operational support on orbit",4.1.2 Request Resupply (Autonomous resupply request),0.577,0.343,1.485,0.0,0.0
I.3,I.3 Infrastructure Interface,"The system shall interface with the host space station or platform for power, thermal management, and structural support during test flights or as needed for repair and operational support on orbit",7.1.1 Receive and Secure Modules in Orbit,0.419,0.451,0.574,0.048,0.0
I.3,I.3 Infrastructure Interface,"The system shall interface with the host space station or platform for power, thermal management, and structural support during test flights or as needed for repair and operational support on orbit",8.2.1 Execute Orbital Maneuvers,0.393,0.267,0.933,0.0,0.0
I.3,I.3 Infrastructure Interface,"The system shall interface with the host space station or platform for power, thermal management, and structural support during test flights or as needed for repair and operational support on orbit",6.1.1.2 Measure Vibration,0.383,0.237,0.966,0.0,0.0
I.3,I.3 Infrastructure Interface,"The system shall interface with the host space station or platform for power, thermal management, and structural support during test flights or as needed for repair and operational support on orbit",2.1.5 Test System After Repairs,0.378,0.319,0.681,0.167,0.0
I.2,I.2 Telemetry Transmission,The system shall transmit manufacturing telemetry and product quality data to Earth in real-time.,1.2.1 Collect Real-Time Production Data,0.537,0.619,0.571,0.231,0.0
I.2,I.2 Telemetry Transmission,The system shall transmit manufacturing telemetry and product quality data to Earth in real-time.,4.1.3 Receive Resupply,0.518,0.295,1.364,0.0,0.0
I.2,I.2 Telemetry Transmission,The system shall transmit manufacturing telemetry and product quality data to Earth in real-time.,4.2.2 Coordinate Resource Transfers (Remote coordination),0.455,0.278,1.15,0.0,0.0
I.2,I.2 Telemetry Transmission,The system shall transmit manufacturing telemetry and product quality data to Earth in real-time.,6.1.1 Capture Sensor Data (Automated and continuous),0.431,0.426,0.674,0.067,0.0
I.2,I.2 Telemetry Transmission,The system shall transmit manufacturing telemetry and product quality data to Earth in real-time.,2.3.1 Monitor Thermal Environment,0.343,0.222,0.84,0.0,0.0
I.1,I.1 Command Reception,The system shall receive commands and software updates from ground control stations.,4.2.1 Schedule Resupply Operations (Automated scheduling),0.586,0.428,1.315,0.0,0.0
I.1,I.1 Command Reception,The system shall receive commands and software updates from ground control stations.,4.1.3.2 Update Inventory,0.413,0.257,0.997,0.1,0.0
I.1,I.1 Command Reception,The system shall receive commands and software updates from ground control stations.,4.1.2 Request Resupply (Autonomous resupply request),0.391,0.427,0.539,0.0,0.0
I.1,I.1 Command Reception,The system shall receive commands and software updates from ground control stations.,1.2.5 Transmit Data to Ground Control,0.381,0.545,0.145,0.182,0.0
I.1,I.1 Command Reception,The system shall receive commands and software updates from ground control stations.,2.3.4 Provide Local Heating,0.353,0.217,0.891,0.0,0.0
F.19,F.19 Real-Time Data Transmission,The system shall transmit quality control data to Earth in real-time with a latency of no more than 1 second.,4.2.2 Coordinate Resource Transfers (Remote coordination),0.514,0.306,1.323,0.0,0.0
F.19,F.19 Real-Time Data Transmission,The system shall transmit quality control data to Earth in real-time with a latency of no more than 1 second.,1.2.1 Collect Real-Time Production Data,0.481,0.494,0.649,0.231,0.0
F.19,F.19 Real-Time Data Transmission,The system shall transmit quality control data to Earth in real-time with a latency of no more than 1 second.,4.1.3 Receive Resupply,0.479,0.297,1.203,0.0,0.0
F.19,F.19 Real-Time Data Transmission,The system shall transmit quality control data to Earth in real-time with a latency of no more than 1 second.,2.2.4 Transmit Launch Vehicle Power,0.346,0.275,0.696,0.071,0.0
F.19,F.19 Real-Time Data Transmission,The system shall transmit quality control data to Earth in real-time with a latency of no more than 1 second.,4.2.3 Prepare Fiber for Transport (Automated handling and packaging),0.344,0.281,0.703,0.0,0.0
F.18,F.18 Quality Control Redundancy,The system shall incorporate redundant quality control sensors with automatic failover capabilities to ensure continuous monitoring in case of sensor failure.,4.2.3 Prepare Fiber for Transport (Automated handling and packaging),0.532,0.259,1.505,0.0,0.0
F.18,F.18 Quality Control Redundancy,The system shall incorporate redundant quality control sensors with automatic failover capabilities to ensure continuous monitoring in case of sensor failure.,3.1.1 Monitor Safety Standards (Automated safety checks),0.339,0.482,0.198,0.0,0.0
F.18,F.18 Quality Control Redundancy,The system shall incorporate redundant quality control sensors with automatic failover capabilities to ensure continuous monitoring in case of sensor failure.,1.2.2 Analyze Production Efficiency,0.335,0.201,0.859,0.0,0.0
F.18,F.18 Quality Control Redundancy,The system shall incorporate redundant quality control sensors with automatic failover capabilities to ensure continuous monitoring in case of sensor failure.,4.2.1 Schedule Resupply Operations (Automated scheduling),0.332,0.306,0.594,0.0,0.0
F.18,F.18 Quality Control Redundancy,The system shall incorporate redundant quality control sensors with automatic failover capabilities to ensure continuous monitoring in case of sensor failure.,6.1.1 Capture Sensor Data (Automated and continuous),0.329,0.457,0.175,0.111,0.0
F.17,F.17 In-situ Annealing,The system shall incorporate in-situ annealing capabilities to reduce internal stresses in the produced ZBLAN fibers.,1.1.5 Cool/ Anneal Fiber,0.483,0.52,0.652,0.077,0.0
F.17,F.17 In-situ Annealing,The system shall incorporate in-situ annealing capabilities to reduce internal stresses in the produced ZBLAN fibers.,4.2.3 Prepare Fiber for Transport (Automated handling and packaging),0.428,0.388,0.758,0.059,0.0
F.17,F.17 In-situ Annealing,The system shall incorporate in-situ annealing capabilities to reduce internal stresses in the produced ZBLAN fibers.,5.1.1 Initiate System Restarts,0.371,0.0,1.457,0.071,0.0
F.17,F.17 In-situ Annealing,The system shall incorporate in-situ annealing capabilities to reduce internal stresses in the produced ZBLAN fibers.,1.1.9 Adjust Production Parameters (Autonomous feedback loop),0.298,0.12,0.902,0.0,0.0
F.17,F.17 In-situ Annealing,The system shall incorporate in-situ annealing capabilities to reduce internal stresses in the produced ZBLAN fibers.,2.4.3 Adjust Operations for Radiation Protection,0.284,0.178,0.706,0.0,0.0
F.16,F.16 Fiber Diameter Control,The system shall control the diameter of the produced ZBLAN fiber within ±1% of the target diameter throughout the drawing process.,1.1.5 Cool/ Anneal Fiber,0.41,0.323,0.827,0.091,0.0
F.16,F.16 Fiber Diameter Control,The system shall control the diameter of the produced ZBLAN fiber within ±1% of the target diameter throughout the drawing process.,4.2.3 Prepare Fiber for Transport (Automated handling and packaging),0.385,0.422,0.502,0.067,0.0
F.16,F.16 Fiber Diameter Control,The system shall control the diameter of the produced ZBLAN fiber within ±1% of the target diameter throughout the drawing process.,1.1.9 Adjust Production Parameters (Autonomous feedback loop),0.381,0.258,0.902,0.0,0.0
F.16,F.16 Fiber Diameter Control,The system shall control the diameter of the produced ZBLAN fiber within ±1% of the target diameter throughout the drawing process.,1.1.6.2 Level Wind Spool,0.357,0.279,0.76,0.0,0.0
F.16,F.16 Fiber Diameter Control,The system shall control the diameter of the produced ZBLAN fiber within ±1% of the target diameter throughout the drawing process.,5.1.2 Activate Backup Systems,0.351,0.021,1.32,0.083,0.0
F.15,F.15 Preform Alignment,"The system shall maintain precise alignment of the ZBLAN preform during the fiber drawing process, with a tolerance of ±0.1 mm.",1.1.4 Draw Fiber from Preform,0.433,0.426,0.641,0.167,0.0
F.15,F.15 Preform Alignment,"The system shall maintain precise alignment of the ZBLAN preform during the fiber drawing process, with a tolerance of ±0.1 mm.",1.1.6 Spool Fiber,0.393,0.491,0.16,0.083,1.0
F.15,F.15 Preform Alignment,"The system shall maintain precise alignment of the ZBLAN preform during the fiber drawing process, with a tolerance of ±0.1 mm.",2.1.2 Calibrate System,0.391,0.34,0.713,0.083,0.0
F.15,F.15 Preform Alignment,"The system shall maintain precise alignment of the ZBLAN preform during the fiber drawing process, with a tolerance of ±0.1 mm.",5.1.3 Redirect Operations (Reconfiguration after faults),0.381,0.064,1.371,0.0,0.0
F.15,F.15 Preform Alignment,"The system shall maintain precise alignment of the ZBLAN preform during the fiber drawing process, with a tolerance of ±0.1 mm.",1.1.7 Monitor Fiber Quality,0.378,0.389,0.548,0.077,0.0
F.14,F.14 Remote Monitoring,"The system shall provide remote monitoring capabilities with a data refresh rate of no more than 1 second, allowing ground-based operators to oversee system operations in real-time, with at least 99% uptime",5.2.1 Receive Remote Commands,0.541,0.278,1.478,0.048,0.0
F.14,F.14 Remote Monitoring,"The system shall provide remote monitoring capabilities with a data refresh rate of no more than 1 second, allowing ground-based operators to oversee system operations in real-time, with at least 99% uptime",2.1.4.2 Coordinate Remote Repair Support (Ground-based intervention),0.489,0.523,0.648,0.13,0.0
F.14,F.14 Remote Monitoring,"The system shall provide remote monitoring capabilities with a data refresh rate of no more than 1 second, allowing ground-based operators to oversee system operations in real-time, with at least 99% uptime",4.2.2 Coordinate Resource Transfers (Remote coordination),0.486,0.41,0.944,0.043,0.0
F.14,F.14 Remote Monitoring,"The system shall provide remote monitoring capabilities with a data refresh rate of no more than 1 second, allowing ground-based operators to oversee system operations in real-time, with at least 99% uptime",4.1.3 Receive Resupply,0.451,0.398,0.848,0.0,0.0
F.14,F.14 Remote Monitoring,"The system shall provide remote monitoring capabilities with a data refresh rate of no more than 1 second, allowing ground-based operators to oversee system operations in real-time, with at least 99% uptime",3.3.1 Monitor Orbital Environment for Debris,0.432,0.376,0.825,0.0,0.0
F.13,F.13 Automated Inspection,The system shall perform automated inspections of manufactured products to ensure compliance with quality standards.,4.2.3 Prepare Fiber for Transport (Automated handling and packaging),0.417,0.384,0.723,0.062,0.0
F.13,F.13 Automated Inspection,The system shall perform automated inspections of manufactured products to ensure compliance with quality standards.,2.1.5.1 Autonomous Post-Repair Testing,0.394,0.391,0.64,0.0,0.0
F.13,F.13 Automated Inspection,The system shall perform automated inspections of manufactured products to ensure compliance with quality standards.,3.1.1.1 Conduct Autonomous Safety Inspections,0.394,0.584,0.145,0.071,0.0
F.13,F.13 Automated Inspection,The system shall perform automated inspections of manufactured products to ensure compliance with quality standards.,3.1.2 Report Safety Incidents (Automated logging and reporting),0.388,0.403,0.561,0.062,0.0
F.13,F.13 Automated Inspection,The system shall perform automated inspections of manufactured products to ensure compliance with quality standards.,2.1.1.2 Monitor System Health,0.386,0.346,0.685,0.077,0.0
F.12,F.12 Process Optimization,The system shall implement process optimization algorithms that improve manufacturing efficiency by at least 15% and reduce product defects to less than 2% of total production,6.1.1 Capture Sensor Data (Automated and continuous),0.453,0.167,1.413,0.0,0.0
F.12,F.12 Process Optimization,The system shall implement process optimization algorithms that improve manufacturing efficiency by at least 15% and reduce product defects to less than 2% of total production,1.2.1 Collect Real-Time Production Data,0.421,0.375,0.762,0.056,0.0
F.12,F.12 Process Optimization,The system shall implement process optimization algorithms that improve manufacturing efficiency by at least 15% and reduce product defects to less than 2% of total production,1.2.2 Analyze Production Efficiency,0.4,0.557,0.212,0.133,0.0
F.12,F.12 Process Optimization,The system shall implement process optimization algorithms that improve manufacturing efficiency by at least 15% and reduce product defects to less than 2% of total production,4.1.5 Transfer Preform to Production,0.388,0.252,0.922,0.062,0.0
F.12,F.12 Process Optimization,The system shall implement process optimization algorithms that improve manufacturing efficiency by at least 15% and reduce product defects to less than 2% of total production,1.2.3 Detect Production Anomalies,0.386,0.409,0.536,0.062,0.0
F.11,F.11 Emergency Procedures,The system shall have automated emergency shutdown and safing procedures that can be initiated within 60 seconds of detecting a critical anomaly.,6.1.2 Log System Data,0.496,0.216,1.438,0.071,0.0
F.11,F.11 Emergency Procedures,The system shall have automated emergency shutdown and safing procedures that can be initiated within 60 seconds of detecting a critical anomaly.,2.1.1.1 Conduct Autonomous Diagnostics,0.474,0.483,0.735,0.0,0.0
F.11,F.11 Emergency Procedures,The system shall have automated emergency shutdown and safing procedures that can be initiated within 60 seconds of detecting a critical anomaly.,3.2.3 Implement Safety Measures (Automated actions to mitigate risk),0.386,0.534,0.242,0.056,0.0
F.11,F.11 Emergency Procedures,The system shall have automated emergency shutdown and safing procedures that can be initiated within 60 seconds of detecting a critical anomaly.,2.1.5.2 Remote Monitoring of Repair Testing,0.385,0.303,0.811,0.0,0.0
F.11,F.11 Emergency Procedures,The system shall have automated emergency shutdown and safing procedures that can be initiated within 60 seconds of detecting a critical anomaly.,1.2.1 Collect Real-Time Production Data,0.35,0.237,0.833,0.0,0.0
F.10,F.10 Data Security,"The system shall implement encryption and secure data transmission protocols for all data exchanges between the orbital platform and ground stations, meeting or exceeding current industry standards for data security.",6.1.3 Store Performance Data,0.455,0.109,1.538,0.048,0.0
F.10,F.10 Data Security,"The system shall implement encryption and secure data transmission protocols for all data exchanges between the orbital platform and ground stations, meeting or exceeding current industry standards for data security.",7.1.1 Receive and Secure Modules in Orbit,0.439,0.548,0.421,0.045,0.0
F.10,F.10 Data Security,"The system shall implement encryption and secure data transmission protocols for all data exchanges between the orbital platform and ground stations, meeting or exceeding current industry standards for data security.",3.2.3 Implement Safety Measures (Automated actions to mitigate risk),0.43,0.346,0.874,0.04,0.0
F.10,F.10 Data Security,"The system shall implement encryption and secure data transmission protocols for all data exchanges between the orbital platform and ground stations, meeting or exceeding current industry standards for data security.",2.3.1 Monitor Thermal Environment,0.339,0.131,1.04,0.0,0.0
F.10,F.10 Data Security,"The system shall implement encryption and secure data transmission protocols for all data exchanges between the orbital platform and ground stations, meeting or exceeding current industry standards for data security.",4.2.1 Schedule Resupply Operations (Automated scheduling),0.332,0.194,0.862,0.0,0.0
F.9,F.9 Maintenance and Serviceability,"The system shall be designed to allow for component replacement or servicing in orbit, with at least 80% of critical components being replaceable without requiring a return to Earth.",6.2.1 Evaluate Performance Metrics (Autonomous analysis),0.428,0.118,1.43,0.0,0.0
F.9,F.9 Maintenance and Serviceability,"The system shall be designed to allow for component replacement or servicing in orbit, with at least 80% of critical components being replaceable without requiring a return to Earth.",2.4.3 Adjust Operations for Radiation Protection,0.398,0.311,0.848,0.0,0.0
F.9,F.9 Maintenance and Serviceability,"The system shall be designed to allow for component replacement or servicing in orbit, with at least 80% of critical components being replaceable without requiring a return to Earth.",3.1.1 Monitor Safety Standards (Automated safety checks),0.396,0.305,0.85,0.0,0.0
F.9,F.9 Maintenance and Serviceability,"The system shall be designed to allow for component replacement or servicing in orbit, with at least 80% of critical components being replaceable without requiring a return to Earth.",2.1.4 Repair System,0.378,0.543,0.18,0.071,0.0
F.9,F.9 Maintenance and Serviceability,"The system shall be designed to allow for component replacement or servicing in orbit, with at least 80% of critical components being replaceable without requiring a return to Earth.",4.1.2 Request Resupply (Autonomous resupply request),0.375,0.406,0.526,0.0,0.0
F.8,F.8 Waste Management,"The system shall incorporate waste management capabilities, including the ability to recycle at least 50% of waste materials generated during the manufacturing process.",6.2.2 Identify Performance Bottlenecks,0.38,0.034,1.437,0.0,0.0
F.8,F.8 Waste Management,"The system shall incorporate waste management capabilities, including the ability to recycle at least 50% of waste materials generated during the manufacturing process.",4.2.3 Prepare Fiber for Transport (Automated handling and packaging),0.359,0.283,0.758,0.0,0.0
F.8,F.8 Waste Management,"The system shall incorporate waste management capabilities, including the ability to recycle at least 50% of waste materials generated during the manufacturing process.",1.2.2 Analyze Production Efficiency,0.339,0.301,0.633,0.0,0.0
F.8,F.8 Waste Management,"The system shall incorporate waste management capabilities, including the ability to recycle at least 50% of waste materials generated during the manufacturing process.",1.2.1 Collect Real-Time Production Data,0.314,0.205,0.762,0.0,0.0
F.8,F.8 Waste Management,"The system shall incorporate waste management capabilities, including the ability to recycle at least 50% of waste materials generated during the manufacturing process.",2.3.3 Transfer Heat Away,0.292,0.169,0.763,0.0,0.0
F.7,F.7 Timeliness,The system shall ensure timely execution of manufacturing processes and respond promptly to operational commands and events.,1.2.1 Collect Real-Time Production Data,0.479,0.449,0.84,0.0,0.0
F.7,F.7 Timeliness,The system shall ensure timely execution of manufacturing processes and respond promptly to operational commands and events.,4.2.1 Schedule Resupply Operations (Automated scheduling),0.457,0.478,0.68,0.0,0.0
F.7,F.7 Timeliness,The system shall ensure timely execution of manufacturing processes and respond promptly to operational commands and events.,3.2.3 Implement Safety Measures (Automated actions to mitigate risk),0.434,0.489,0.563,0.0,0.0
F.7,F.7 Timeliness,The system shall ensure timely execution of manufacturing processes and respond promptly to operational commands and events.,6.2.3 Generate Optimization Suggestions (Autonomous optimization algorithms),0.432,0.11,1.465,0.0,0.0
F.7,F.7 Timeliness,The system shall ensure timely execution of manufacturing processes and respond promptly to operational commands and events.,3.1.2 Report Safety Incidents (Automated logging and reporting),0.373,0.388,0.561,0.0,0.0
F.6,F.6 Risk Management,"The system shall implement risk management strategies that reduce identified operational hazards by at least 90%, ensuring mission success, as verified through a risk assessment showing a reduction in risk exposure by 90% or more and achieving a residual risk level of less than 5% of the total risk exposure.",3.2.3 Implement Safety Measures (Automated actions to mitigate risk),0.547,0.665,0.563,0.074,0.0
F.6,F.6 Risk Management,"The system shall implement risk management strategies that reduce identified operational hazards by at least 90%, ensuring mission success, as verified through a risk assessment showing a reduction in risk exposure by 90% or more and achieving a residual risk level of less than 5% of the total risk exposure.",7.1.1 Receive and Secure Modules in Orbit,0.495,0.185,1.537,0.0,0.0
F.6,F.6 Risk Management,"The system shall implement risk management strategies that reduce identified operational hazards by at least 90%, ensuring mission success, as verified through a risk assessment showing a reduction in risk exposure by 90% or more and achieving a residual risk level of less than 5% of the total risk exposure.",2.4.2 Analyze Radiation Exposure Data,0.415,0.312,0.895,0.04,0.0
F.6,F.6 Risk Management,"The system shall implement risk management strategies that reduce identified operational hazards by at least 90%, ensuring mission success, as verified through a risk assessment showing a reduction in risk exposure by 90% or more and achieving a residual risk level of less than 5% of the total risk exposure.",8.2.7 Regulate Propellant Flow,0.335,0.173,0.926,0.0,0.0
F.6,F.6 Risk Management,"The system shall implement risk management strategies that reduce identified operational hazards by at least 90%, ensuring mission success, as verified through a risk assessment showing a reduction in risk exposure by 90% or more and achieving a residual risk level of less than 5% of the total risk exposure.",3.2.2 Analyze Safety Data,0.324,0.448,0.22,0.0,0.0
F.5,F.5 Scientific Experimentation,The system shall enable scientific experiments in microgravity alongside manufacturing operations.,1.3.1 Monitor Microgravity Conditions,0.473,0.546,0.543,0.091,0.0
F.5,F.5 Scientific Experimentation,The system shall enable scientific experiments in microgravity alongside manufacturing operations.,1.3.2 Detect Off-Nominal Microgravity Conditions,0.435,0.548,0.392,0.083,0.0
F.5,F.5 Scientific Experimentation,The system shall enable scientific experiments in microgravity alongside manufacturing operations.,7.1.2 Prepare for Hardware Installation,0.409,0.098,1.399,0.0,0.0
F.5,F.5 Scientific Experimentation,The system shall enable scientific experiments in microgravity alongside manufacturing operations.,7.1.8 Support Platform Structure,0.338,0.314,0.596,0.0,0.0
F.5,F.5 Scientific Experimentation,The system shall enable scientific experiments in microgravity alongside manufacturing operations.,1.2.1 Collect Real-Time Production Data,0.331,0.293,0.62,0.0,0.0
F.4,F.4 Packaging and Storage,The system shall package and store completed ZBLAN fibers for return to Earth.,2.4.3 Adjust Operations for Radiation Protection,0.388,0.225,1.014,0.0,0.0
F.4,F.4 Packaging and Storage,The system shall package and store completed ZBLAN fibers for return to Earth.,4.2.3 Prepare Fiber for Transport (Automated handling and packaging),0.386,0.557,0.18,0.071,0.0
F.4,F.4 Packaging and Storage,The system shall package and store completed ZBLAN fibers for return to Earth.,7.1.3 Install Hardware Modules,0.356,0.036,1.339,0.0,0.0
F.4,F.4 Packaging and Storage,The system shall package and store completed ZBLAN fibers for return to Earth.,1.1.5 Cool/ Anneal Fiber,0.33,0.362,0.411,0.1,0.0
F.4,F.4 Packaging and Storage,The system shall package and store completed ZBLAN fibers for return to Earth.,2.1.4 Repair System,0.3,0.225,0.622,0.1,0.0
F.3,F.3 Real-Time Monitoring,"The system shall monitor and adjust manufacturing parameters in real-time with a response time of less than 500 ms to maintain product quality, as verified through operational testing and quality control data.",1.2.1 Collect Real-Time Production Data,0.537,0.552,0.762,0.158,0.0
F.3,F.3 Real-Time Monitoring,"The system shall monitor and adjust manufacturing parameters in real-time with a response time of less than 500 ms to maintain product quality, as verified through operational testing and quality control data.",7.1.4 Verify Hardware Installation,0.45,0.155,1.407,0.053,0.0
F.3,F.3 Real-Time Monitoring,"The system shall monitor and adjust manufacturing parameters in real-time with a response time of less than 500 ms to maintain product quality, as verified through operational testing and quality control data.",4.1.3 Receive Resupply,0.43,0.225,1.18,0.0,0.0
F.3,F.3 Real-Time Monitoring,"The system shall monitor and adjust manufacturing parameters in real-time with a response time of less than 500 ms to maintain product quality, as verified through operational testing and quality control data.",2.1.2 Calibrate System,0.43,0.41,0.712,0.056,0.0
F.3,F.3 Real-Time Monitoring,"The system shall monitor and adjust manufacturing parameters in real-time with a response time of less than 500 ms to maintain product quality, as verified through operational testing and quality control data.",3.2.3 Implement Safety Measures (Automated actions to mitigate risk),0.412,0.357,0.79,0.0,0.0
F.2,F.2 Fiber Drawing,The system shall draw ZBLAN fibers from the heated preform at a consistent rate.,1.2.5.2 Amplify High Rate Transmission,0.406,0.219,1.063,0.083,0.0
F.2,F.2 Fiber Drawing,The system shall draw ZBLAN fibers from the heated preform at a consistent rate.,1.1.4 Draw Fiber from Preform,0.385,0.408,0.43,0.333,0.0
F.2,F.2 Fiber Drawing,The system shall draw ZBLAN fibers from the heated preform at a consistent rate.,1.1.3 Heat Preform,0.382,0.365,0.61,0.1,0.0
F.2,F.2 Fiber Drawing,The system shall draw ZBLAN fibers from the heated preform at a consistent rate.,1.1.5 Cool/ Anneal Fiber,0.376,0.439,0.411,0.1,0.0
F.2,F.2 Fiber Drawing,The system shall draw ZBLAN fibers from the heated preform at a consistent rate.,7.2.1 Prepare for Software Installation/Update,0.357,0.048,1.313,0.0,0.0
F.1,F.1 Secondary Missions,The system shall support secondary missions without compromising primary ZBLAN fiber production objectives.,1.1.4 Draw Fiber from Preform,0.375,0.304,0.742,0.077,0.0
F.1,F.1 Secondary Missions,The system shall support secondary missions without compromising primary ZBLAN fiber production objectives.,7.2.2 Upload Software,0.36,0.019,1.396,0.0,0.0
F.1,F.1 Secondary Missions,The system shall support secondary missions without compromising primary ZBLAN fiber production objectives.,1.2.3 Detect Production Anomalies,0.349,0.226,0.822,0.077,0.0
F.1,F.1 Secondary Missions,The system shall support secondary missions without compromising primary ZBLAN fiber production objectives.,2.1.4 Repair System,0.348,0.229,0.809,0.083,0.0
F.1,F.1 Secondary Missions,The system shall support secondary missions without compromising primary ZBLAN fiber production objectives.,1.1.6 Spool Fiber,0.34,0.352,0.485,0.083,0.0
C.11,C.11 Technology Readiness,All components of the system shall be at Technology Readiness Level (TRL) 6 or higher before integration into the final system.,7.2.3 Install/Activate Software,0.472,0.121,1.396,0.0,1.0
C.11,C.11 Technology Readiness,All components of the system shall be at Technology Readiness Level (TRL) 6 or higher before integration into the final system.,2.1.4 Repair System,0.438,0.343,0.693,0.091,1.0
C.11,C.11 Technology Readiness,All components of the system shall be at Technology Readiness Level (TRL) 6 or higher before integration into the final system.,3.2.2 Analyze Safety Data,0.378,0.286,0.624,0.0,1.0
C.11,C.11 Technology Readiness,All components of the system shall be at Technology Readiness Level (TRL) 6 or higher before integration into the final system.,6.2.1 Evaluate Performance Metrics (Autonomous analysis),0.361,0.245,0.656,0.0,1.0
C.11,C.11 Technology Readiness,All components of the system shall be at Technology Readiness Level (TRL) 6 or higher before integration into the final system.,3.1.1 Monitor Safety Standards (Automated safety checks),0.334,0.391,0.198,0.0,1.0
C.10,C.10 Economic Viability,The system shall demonstrate a positive return on investment within 5 years of full operational capability.,7.2.4 Verify Software Installation,0.38,0.071,1.348,0.0,0.0
C.10,C.10 Economic Viability,The system shall demonstrate a positive return on investment within 5 years of full operational capability.,6.2.1 Evaluate Performance Metrics (Autonomous analysis),0.281,0.237,0.557,0.0,0.0
C.10,C.10 Economic Viability,The system shall demonstrate a positive return on investment within 5 years of full operational capability.,5.1.1 Initiate System Restarts,0.271,0.179,0.62,0.091,0.0
C.10,C.10 Economic Viability,The system shall demonstrate a positive return on investment within 5 years of full operational capability.,3.2.3 Implement Safety Measures (Automated actions to mitigate risk),0.263,0.203,0.563,0.0,0.0
C.10,C.10 Economic Viability,The system shall demonstrate a positive return on investment within 5 years of full operational capability.,3.1.1 Monitor Safety Standards (Automated safety checks),0.246,0.144,0.638,0.0,0.0
C.9,C.9 End-of-Life Management,The system shall have a defined end-of-life plan that includes safe deorbiting or repurposing of at least 90% of its components.,2.1.1.1 Conduct Autonomous Diagnostics,0.432,0.243,1.146,0.0,0.0
C.9,C.9 End-of-Life Management,The system shall have a defined end-of-life plan that includes safe deorbiting or repurposing of at least 90% of its components.,8.1.1 Monitor Orbital Parameters,0.407,0.088,1.418,0.0,0.0
C.9,C.9 End-of-Life Management,The system shall have a defined end-of-life plan that includes safe deorbiting or repurposing of at least 90% of its components.,3.3.3 Execute End-of-Life Deorbiting Procedures,0.362,0.5,0.156,0.231,0.0
C.9,C.9 End-of-Life Management,The system shall have a defined end-of-life plan that includes safe deorbiting or repurposing of at least 90% of its components.,3.2.2 Analyze Safety Data,0.302,0.244,0.624,0.0,0.0
C.9,C.9 End-of-Life Management,The system shall have a defined end-of-life plan that includes safe deorbiting or repurposing of at least 90% of its components.,2.1.5 Test System After Repairs,0.282,0.271,0.449,0.077,0.0
C.8,C.8 Regulatory Compliance,The system shall adhere to international space treaties and regulations governing manufacturing in orbit.,8.1.2 Calculate Orbital Adjustments,0.511,0.257,1.427,0.0,0.0
C.8,C.8 Regulatory Compliance,The system shall adhere to international space treaties and regulations governing manufacturing in orbit.,3.1.1 Monitor Safety Standards (Automated safety checks),0.313,0.301,0.53,0.0,0.0
C.8,C.8 Regulatory Compliance,The system shall adhere to international space treaties and regulations governing manufacturing in orbit.,2.4.3 Adjust Operations for Radiation Protection,0.31,0.266,0.603,0.0,0.0
C.8,C.8 Regulatory Compliance,The system shall adhere to international space treaties and regulations governing manufacturing in orbit.,1.1.3.3 Hold Preform,0.3,0.056,1.063,0.0,0.0
C.8,C.8 Regulatory Compliance,The system shall adhere to international space treaties and regulations governing manufacturing in orbit.,1.3.1 Monitor Microgravity Conditions,0.289,0.249,0.556,0.0,0.0
C.7,C.7 Payload Interference,"The system shall not interfere with other payloads or operations on the host platform, if the system is being hosted.",8.2.1 Execute Orbital Maneuvers,0.407,0.163,1.236,0.0,0.0
C.7,C.7 Payload Interference,"The system shall not interfere with other payloads or operations on the host platform, if the system is being hosted.",4.1.2 Request Resupply (Autonomous resupply request),0.313,0.221,0.723,0.0,0.0
C.7,C.7 Payload Interference,"The system shall not interfere with other payloads or operations on the host platform, if the system is being hosted.",4.1.3.1 Coordinate Automated Resource Transfer,0.302,0.264,0.574,0.0,0.0
C.7,C.7 Payload Interference,"The system shall not interfere with other payloads or operations on the host platform, if the system is being hosted.",7.1.8 Support Platform Structure,0.279,0.199,0.596,0.111,0.0
C.7,C.7 Payload Interference,"The system shall not interfere with other payloads or operations on the host platform, if the system is being hosted.",2.1.4.1 Initiate Autonomous Repairs (Remote or autonomous actions),0.261,0.197,0.574,0.0,0.0
C.6,C.6 Environmental Impact,"The system shall comply with ISO 24113:2019 Space Debris Mitigation Requirements by preventing the generation of debris larger than 1 mm during its operational lifetime and ensuring end-of-life disposal via controlled re-entry within 25 years or transfer to a disposal orbit with a minimum perigee altitude of 2,000 km, as verified through orbital decay analysis.",3.1.1 Monitor Safety Standards (Automated safety checks),0.442,0.344,0.942,0.0,0.0
C.6,C.6 Environmental Impact,"The system shall comply with ISO 24113:2019 Space Debris Mitigation Requirements by preventing the generation of debris larger than 1 mm during its operational lifetime and ensuring end-of-life disposal via controlled re-entry within 25 years or transfer to a disposal orbit with a minimum perigee altitude of 2,000 km, as verified through orbital decay analysis.",2.4.1 Monitor Radiation Levels,0.42,0.274,1.02,0.0,0.0
C.6,C.6 Environmental Impact,"The system shall comply with ISO 24113:2019 Space Debris Mitigation Requirements by preventing the generation of debris larger than 1 mm during its operational lifetime and ensuring end-of-life disposal via controlled re-entry within 25 years or transfer to a disposal orbit with a minimum perigee altitude of 2,000 km, as verified through orbital decay analysis.",8.1.1 Monitor Orbital Parameters,0.41,0.329,0.836,0.032,0.0
C.6,C.6 Environmental Impact,"The system shall comply with ISO 24113:2019 Space Debris Mitigation Requirements by preventing the generation of debris larger than 1 mm during its operational lifetime and ensuring end-of-life disposal via controlled re-entry within 25 years or transfer to a disposal orbit with a minimum perigee altitude of 2,000 km, as verified through orbital decay analysis.",8.1.3 Monitor Attitude,0.399,0.005,1.585,0.0,0.0
C.6,C.6 Environmental Impact,"The system shall comply with ISO 24113:2019 Space Debris Mitigation Requirements by preventing the generation of debris larger than 1 mm during its operational lifetime and ensuring end-of-life disposal via controlled re-entry within 25 years or transfer to a disposal orbit with a minimum perigee altitude of 2,000 km, as verified through orbital decay analysis.",2.4.2 Analyze Radiation Exposure Data,0.393,0.309,0.831,0.0,0.0
C.5,C.5 Approved Materials,The system shall use only materials and processes approved for use in the space environment.,2.4.3 Adjust Operations for Radiation Protection,0.359,0.314,0.682,0.0,0.0
C.5,C.5 Approved Materials,The system shall use only materials and processes approved for use in the space environment.,3.1.1 Monitor Safety Standards (Automated safety checks),0.345,0.261,0.754,0.0,0.0
C.5,C.5 Approved Materials,The system shall use only materials and processes approved for use in the space environment.,8.2.2 Adjust Attitude,0.341,0.029,1.293,0.0,0.0
C.5,C.5 Approved Materials,The system shall use only materials and processes approved for use in the space environment.,1.1.5 Cool/ Anneal Fiber,0.294,0.206,0.681,0.0,0.0
C.5,C.5 Approved Materials,The system shall use only materials and processes approved for use in the space environment.,2.1.2 Calibrate System,0.273,0.209,0.544,0.111,0.0
C.4,C.4 National Goals,"The system shall demonstrate compatibility with at least 90% of technical standards and objectives outlined in the latest published guidance from relevant government agencies (e.g., NASA's Exploration Goals), verified through compliance assessments and interface certifications.",1.1.3.1 Hold Heater,0.425,0.047,1.586,0.0,0.0
C.4,C.4 National Goals,"The system shall demonstrate compatibility with at least 90% of technical standards and objectives outlined in the latest published guidance from relevant government agencies (e.g., NASA's Exploration Goals), verified through compliance assessments and interface certifications.",1.3.3 Adjust Manufacturing Parameters for Off-Nominal Conditions,0.347,0.199,0.911,0.0,0.0
C.4,C.4 National Goals,"The system shall demonstrate compatibility with at least 90% of technical standards and objectives outlined in the latest published guidance from relevant government agencies (e.g., NASA's Exploration Goals), verified through compliance assessments and interface certifications.",3.2.3 Implement Safety Measures (Automated actions to mitigate risk),0.342,0.33,0.577,0.0,0.0
C.4,C.4 National Goals,"The system shall demonstrate compatibility with at least 90% of technical standards and objectives outlined in the latest published guidance from relevant government agencies (e.g., NASA's Exploration Goals), verified through compliance assessments and interface certifications.",7.2.4 Verify Software Installation,0.331,0.251,0.705,0.042,0.0
C.4,C.4 National Goals,"The system shall demonstrate compatibility with at least 90% of technical standards and objectives outlined in the latest published guidance from relevant government agencies (e.g., NASA's Exploration Goals), verified through compliance assessments and interface certifications.",3.1.1 Monitor Safety Standards (Automated safety checks),0.325,0.452,0.198,0.038,0.0
C.3,C.3 Power Budget,The system shall operate within the power budget allocated by the host space platform if it is being hosted,1.1.3.2 Rotate Heater Stage,0.403,0.115,1.337,0.0,0.0
C.3,C.3 Power Budget,The system shall operate within the power budget allocated by the host space platform if it is being hosted,4.1.2 Request Resupply (Autonomous resupply request),0.401,0.291,0.906,0.0,0.0
C.3,C.3 Power Budget,The system shall operate within the power budget allocated by the host space platform if it is being hosted,2.2.2 Condition Power,0.344,0.392,0.396,0.1,0.0
C.3,C.3 Power Budget,The system shall operate within the power budget allocated by the host space platform if it is being hosted,8.2.1 Execute Orbital Maneuvers,0.322,0.147,0.933,0.0,0.0
C.3,C.3 Power Budget,The system shall operate within the power budget allocated by the host space platform if it is being hosted,3.1.1 Monitor Safety Standards (Automated safety checks),0.313,0.199,0.773,0.0,0.0
C.2,C.2 Debris Mitigation,The system shall adhere to international space debris mitigation guidelines.,8.1.2 Calculate Orbital Adjustments,0.429,0.289,1.023,0.0,0.0
C.2,C.2 Debris Mitigation,The system shall adhere to international space debris mitigation guidelines.,3.3.1 Monitor Orbital Environment for Debris,0.379,0.546,0.17,0.091,0.0
C.2,C.2 Debris Mitigation,The system shall adhere to international space debris mitigation guidelines.,1.1.3.3 Hold Preform,0.374,0.058,1.36,0.0,0.0
C.2,C.2 Debris Mitigation,The system shall adhere to international space debris mitigation guidelines.,3.1.1 Monitor Safety Standards (Automated safety checks),0.354,0.369,0.53,0.0,0.0
C.2,C.2 Debris Mitigation,The system shall adhere to international space debris mitigation guidelines.,3.3.2 Implement Collision Avoidance Maneuvers,0.337,0.323,0.571,0.0,0.0
C.1,C.1 Safety Compliance,The system shall comply with all relevant NASA safety standards for operation on crewed space platforms.,3.1.1 Monitor Safety Standards (Automated safety checks),0.485,0.564,0.53,0.143,0.0
C.1,C.1 Safety Compliance,The system shall comply with all relevant NASA safety standards for operation on crewed space platforms.,1.3.1 Monitor Microgravity Conditions,0.417,0.327,0.885,0.0,0.0
C.1,C.1 Safety Compliance,The system shall comply with all relevant NASA safety standards for operation on crewed space platforms.,1.1.6.1 Hold Spool,0.413,0.11,1.388,0.0,0.0
C.1,C.1 Safety Compliance,The system shall comply with all relevant NASA safety standards for operation on crewed space platforms.,3.2.3 Implement Safety Measures (Automated actions to mitigate risk),0.355,0.482,0.242,0.059,0.0
C.1,C.1 Safety Compliance,The system shall comply with all relevant NASA safety standards for operation on crewed space platforms.,3.1.1.1 Conduct Autonomous Safety Inspections,0.333,0.482,0.145,0.071,0.0
