ID,Requirement Name,Requirement Text,Activity Name,Combined Score,Semantic Score,BM25 Score,Lexical Score,Domain Score,Length Norm Score
P.9,P.9 Thermal Precision,The system shall maintain thermal conditions within ±1°C of the specified temperature range for optimal ZBLAN fiber production.,2.3.2 Regulate System Temperature,0.474,0.387,0.592,0.154,0.593,0.333
P.9,P.9 Thermal Precision,The system shall maintain thermal conditions within ±1°C of the specified temperature range for optimal ZBLAN fiber production.,1.1.5 Cool/ Anneal Fiber,0.466,0.551,0.411,0.077,0.17,0.204
P.9,P.9 Thermal Precision,The system shall maintain thermal conditions within ±1°C of the specified temperature range for optimal ZBLAN fiber production.,2.3.6 Insulate System Thermally,0.449,0.367,0.7,0.071,0.573,0.167
P.9,P.9 Thermal Precision,The system shall maintain thermal conditions within ±1°C of the specified temperature range for optimal ZBLAN fiber production.,1.1.4 Draw Fiber from Preform,0.37,0.251,0.855,0.071,0.17,0.167
P.9,P.9 Thermal Precision,The system shall maintain thermal conditions within ±1°C of the specified temperature range for optimal ZBLAN fiber production.,2.3.3 Transfer Heat Away,0.366,0.406,0.611,0.0,0.0,0.0
P.8,P.8 Energy Efficiency,"The system shall operate with an energy efficiency of at least 80%, minimizing power consumption during manufacturing processes.",2.2.8 Store Electrical Energy,0.405,0.352,0.786,0.083,0.016,0.183
P.8,P.8 Energy Efficiency,"The system shall operate with an energy efficiency of at least 80%, minimizing power consumption during manufacturing processes.",2.1.2 Calibrate System,0.364,0.24,0.544,0.091,0.709,0.224
P.8,P.8 Energy Efficiency,"The system shall operate with an energy efficiency of at least 80%, minimizing power consumption during manufacturing processes.",1.2.2 Analyze Production Efficiency,0.352,0.453,0.212,0.083,0.026,0.183
P.8,P.8 Energy Efficiency,"The system shall operate with an energy efficiency of at least 80%, minimizing power consumption during manufacturing processes.",2.2.1 Generate Solar Power,0.345,0.297,0.619,0.083,0.086,0.183
P.8,P.8 Energy Efficiency,"The system shall operate with an energy efficiency of at least 80%, minimizing power consumption during manufacturing processes.",2.3.2 Regulate System Temperature,0.344,0.333,0.191,0.083,0.709,0.183
P.7,P.7 Quality Consistency,"The system shall maintain consistent product quality across production runs, with less than 5% variation in key quality metrics between batches.",2.1.2 Calibrate System,0.375,0.284,0.537,0.077,0.619,0.196
P.7,P.7 Quality Consistency,"The system shall maintain consistent product quality across production runs, with less than 5% variation in key quality metrics between batches.",1.2.3 Detect Production Anomalies,0.371,0.296,0.74,0.071,0.15,0.16
P.7,P.7 Quality Consistency,"The system shall maintain consistent product quality across production runs, with less than 5% variation in key quality metrics between batches.",1.1.3 Heat Preform,0.371,0.14,1.432,0.0,0.0,0.0
P.7,P.7 Quality Consistency,"The system shall maintain consistent product quality across production runs, with less than 5% variation in key quality metrics between batches.",4.2.5 Store Manufactured Product,0.331,0.435,0.155,0.071,0.082,0.16
P.7,P.7 Quality Consistency,"The system shall maintain consistent product quality across production runs, with less than 5% variation in key quality metrics between batches.",2.1.4 Repair System,0.33,0.194,0.583,0.077,0.619,0.196
P.6,P.6 Production Continuity,"The system shall be capable of automatically restarting fiber production within 10 minutes of a production break, maintaining at least 90% of pre-break production quality.",1.1.4 Draw Fiber from Preform,0.571,0.369,1.533,0.071,0.136,0.149
P.6,P.6 Production Continuity,"The system shall be capable of automatically restarting fiber production within 10 minutes of a production break, maintaining at least 90% of pre-break production quality.",2.1.4 Repair System,0.494,0.339,1.056,0.077,0.46,0.183
P.6,P.6 Production Continuity,"The system shall be capable of automatically restarting fiber production within 10 minutes of a production break, maintaining at least 90% of pre-break production quality.",4.2.3 Prepare Fiber for Transport (Automated handling and packaging),0.478,0.558,0.534,0.059,0.136,0.105
P.6,P.6 Production Continuity,"The system shall be capable of automatically restarting fiber production within 10 minutes of a production break, maintaining at least 90% of pre-break production quality.",1.2.3 Detect Production Anomalies,0.458,0.359,1.013,0.071,0.111,0.149
P.6,P.6 Production Continuity,"The system shall be capable of automatically restarting fiber production within 10 minutes of a production break, maintaining at least 90% of pre-break production quality.",2.1.3 Detect Faults,0.397,0.224,1.312,0.0,0.0,0.0
P.5,P.5 Competitive Pricing,"The system shall produce materials at costs competitive with terrestrial alternatives, accounting for performance benefits of space-manufactured products with a target of $800$ per meter of fiber",1.1.5 Cool/ Anneal Fiber,0.549,0.338,1.507,0.056,0.163,0.171
P.5,P.5 Competitive Pricing,"The system shall produce materials at costs competitive with terrestrial alternatives, accounting for performance benefits of space-manufactured products with a target of $800$ per meter of fiber",1.2.2 Analyze Production Efficiency,0.367,0.419,0.579,0.0,0.0,0.0
P.5,P.5 Competitive Pricing,"The system shall produce materials at costs competitive with terrestrial alternatives, accounting for performance benefits of space-manufactured products with a target of $800$ per meter of fiber",4.2.3 Prepare Fiber for Transport (Automated handling and packaging),0.359,0.479,0.18,0.045,0.163,0.099
P.5,P.5 Competitive Pricing,"The system shall produce materials at costs competitive with terrestrial alternatives, accounting for performance benefits of space-manufactured products with a target of $800$ per meter of fiber",1.1.6 Spool Fiber,0.357,0.367,0.462,0.056,0.163,0.171
P.5,P.5 Competitive Pricing,"The system shall produce materials at costs competitive with terrestrial alternatives, accounting for performance benefits of space-manufactured products with a target of $800$ per meter of fiber",1.1.7 Monitor Fiber Quality,0.323,0.289,0.548,0.053,0.163,0.14
P.4,P.4 Commercial Viability,"The system shall support the generation of revenue from at least three distinct sources: product sales, technology licensing, and contracted research services, as verified by a business case analysis.",1.1.6 Spool Fiber,0.329,0.033,1.544,0.0,0.0,0.0
P.4,P.4 Commercial Viability,"The system shall support the generation of revenue from at least three distinct sources: product sales, technology licensing, and contracted research services, as verified by a business case analysis.",2.1.2 Calibrate System,0.29,0.135,0.537,0.053,0.739,0.167
P.4,P.4 Commercial Viability,"The system shall support the generation of revenue from at least three distinct sources: product sales, technology licensing, and contracted research services, as verified by a business case analysis.",2.1.5 Test System After Repairs,0.289,0.077,0.728,0.05,0.739,0.136
P.4,P.4 Commercial Viability,"The system shall support the generation of revenue from at least three distinct sources: product sales, technology licensing, and contracted research services, as verified by a business case analysis.",6.2.1 Evaluate Performance Metrics (Autonomous analysis),0.263,0.191,0.61,0.045,0.063,0.105
P.4,P.4 Commercial Viability,"The system shall support the generation of revenue from at least three distinct sources: product sales, technology licensing, and contracted research services, as verified by a business case analysis.",4.2.5 Store Manufactured Product,0.243,0.298,0.155,0.05,0.097,0.136
P.3,P.3 Manufacturing Yield,The system shall achieve a manufacturing yield of at least 95% usable fiber.,1.1.7 Monitor Fiber Quality,0.573,0.428,1.257,0.111,0.209,0.218
P.3,P.3 Manufacturing Yield,The system shall achieve a manufacturing yield of at least 95% usable fiber.,4.2.3 Prepare Fiber for Transport (Automated handling and packaging),0.45,0.601,0.18,0.083,0.209,0.154
P.3,P.3 Manufacturing Yield,The system shall achieve a manufacturing yield of at least 95% usable fiber.,1.1.5 Cool/ Anneal Fiber,0.443,0.48,0.411,0.125,0.209,0.267
P.3,P.3 Manufacturing Yield,The system shall achieve a manufacturing yield of at least 95% usable fiber.,1.1.6 Spool Fiber,0.442,0.561,0.16,0.125,0.209,0.267
P.3,P.3 Manufacturing Yield,The system shall achieve a manufacturing yield of at least 95% usable fiber.,1.1.4 Draw Fiber from Preform,0.386,0.391,0.43,0.111,0.209,0.218
P.2,P.2 Production Rate,The system shall maintain a production rate of at least 500 meters of ZBLAN fiber per day.,1.1.5 Cool/ Anneal Fiber,0.398,0.328,0.702,0.1,0.17,0.236
P.2,P.2 Production Rate,The system shall maintain a production rate of at least 500 meters of ZBLAN fiber per day.,1.1.4 Draw Fiber from Preform,0.395,0.282,0.855,0.091,0.17,0.192
P.2,P.2 Production Rate,The system shall maintain a production rate of at least 500 meters of ZBLAN fiber per day.,1.2.2 Analyze Production Efficiency,0.395,0.379,0.579,0.091,0.138,0.192
P.2,P.2 Production Rate,The system shall maintain a production rate of at least 500 meters of ZBLAN fiber per day.,1.2.3 Detect Production Anomalies,0.378,0.232,0.937,0.091,0.138,0.192
P.2,P.2 Production Rate,The system shall maintain a production rate of at least 500 meters of ZBLAN fiber per day.,4.2.3 Prepare Fiber for Transport (Automated handling and packaging),0.371,0.483,0.18,0.071,0.17,0.136
P.1,P.1 Fiber Quality,The system shall produce ZBLAN fibers with attenuation rates of 0.05 dB/km or lower at 2.5 ?m wavelength.,1.1.5 Cool/ Anneal Fiber,0.476,0.47,0.652,0.1,0.2,0.236
P.1,P.1 Fiber Quality,The system shall produce ZBLAN fibers with attenuation rates of 0.05 dB/km or lower at 2.5 ?m wavelength.,1.2.5.4 Amplify Low Rate Transmission,0.428,0.399,0.564,0.182,0.059,0.333
P.1,P.1 Fiber Quality,The system shall produce ZBLAN fibers with attenuation rates of 0.05 dB/km or lower at 2.5 ?m wavelength.,1.2.5.2 Amplify High Rate Transmission,0.397,0.423,0.517,0.083,0.059,0.167
P.1,P.1 Fiber Quality,The system shall produce ZBLAN fibers with attenuation rates of 0.05 dB/km or lower at 2.5 ?m wavelength.,1.1.6 Spool Fiber,0.363,0.445,0.16,0.1,0.2,0.236
P.1,P.1 Fiber Quality,The system shall produce ZBLAN fibers with attenuation rates of 0.05 dB/km or lower at 2.5 ?m wavelength.,1.1.7 Monitor Fiber Quality,0.354,0.312,0.548,0.091,0.2,0.192
O.23,O.23 Microgravity Disturbance Response,The system shall detect and respond to microgravity disturbances within 1 second to maintain manufacturing process stability.,1.3.2 Detect Off-Nominal Microgravity Conditions,0.483,0.642,0.157,0.154,0.055,0.302
O.23,O.23 Microgravity Disturbance Response,The system shall detect and respond to microgravity disturbances within 1 second to maintain manufacturing process stability.,1.2.1 Collect Real-Time Production Data,0.472,0.32,1.398,0.0,0.0,0.0
O.23,O.23 Microgravity Disturbance Response,The system shall detect and respond to microgravity disturbances within 1 second to maintain manufacturing process stability.,1.3.1 Monitor Microgravity Conditions,0.428,0.579,0.212,0.077,0.055,0.174
O.23,O.23 Microgravity Disturbance Response,The system shall detect and respond to microgravity disturbances within 1 second to maintain manufacturing process stability.,2.1.2 Calibrate System,0.424,0.336,0.544,0.083,0.755,0.213
O.23,O.23 Microgravity Disturbance Response,The system shall detect and respond to microgravity disturbances within 1 second to maintain manufacturing process stability.,2.3.6 Insulate System Thermally,0.395,0.165,0.94,0.077,0.755,0.174
O.22,O.22 Fiber Spool Management,The system shall incorporate automated fiber spooling mechanisms capable of handling continuous fiber lengths of up to 50 km.,4.2.3 Prepare Fiber for Transport (Automated handling and packaging),0.542,0.571,0.785,0.062,0.18,0.118
O.22,O.22 Fiber Spool Management,The system shall incorporate automated fiber spooling mechanisms capable of handling continuous fiber lengths of up to 50 km.,1.1.6 Spool Fiber,0.526,0.661,0.16,0.182,0.2,0.408
O.22,O.22 Fiber Spool Management,The system shall incorporate automated fiber spooling mechanisms capable of handling continuous fiber lengths of up to 50 km.,1.1.5 Cool/ Anneal Fiber,0.4,0.387,0.563,0.083,0.18,0.204
O.22,O.22 Fiber Spool Management,The system shall incorporate automated fiber spooling mechanisms capable of handling continuous fiber lengths of up to 50 km.,1.1.4 Draw Fiber from Preform,0.395,0.318,0.769,0.077,0.18,0.167
O.22,O.22 Fiber Spool Management,The system shall incorporate automated fiber spooling mechanisms capable of handling continuous fiber lengths of up to 50 km.,1.2.2 Analyze Production Efficiency,0.378,0.143,1.464,0.0,0.0,0.0
O.21,O.21 Microgravity Optimization,The system shall maintain a microgravity environment with less than 10^-6 g during ZBLAN fiber production.,1.1.7.1 Measure Fiber Diameter,0.423,0.376,0.7,0.1,0.166,0.204
O.21,O.21 Microgravity Optimization,The system shall maintain a microgravity environment with less than 10^-6 g during ZBLAN fiber production.,1.1.4 Draw Fiber from Preform,0.403,0.292,0.855,0.1,0.166,0.204
O.21,O.21 Microgravity Optimization,The system shall maintain a microgravity environment with less than 10^-6 g during ZBLAN fiber production.,1.1.5 Cool/ Anneal Fiber,0.378,0.386,0.411,0.111,0.166,0.25
O.21,O.21 Microgravity Optimization,The system shall maintain a microgravity environment with less than 10^-6 g during ZBLAN fiber production.,1.3.1 Monitor Microgravity Conditions,0.374,0.479,0.212,0.1,0.041,0.204
O.21,O.21 Microgravity Optimization,The system shall maintain a microgravity environment with less than 10^-6 g during ZBLAN fiber production.,1.2.3 Detect Production Anomalies,0.354,0.123,1.129,0.1,0.136,0.204
O.20,O.20 Thermal Management,The system shall maintain thermal conditions within specified limits to ensure optimal operation of all components.,2.3.2 Regulate System Temperature,0.552,0.543,0.592,0.077,0.747,0.174
O.20,O.20 Thermal Management,The system shall maintain thermal conditions within specified limits to ensure optimal operation of all components.,2.3.6 Insulate System Thermally,0.538,0.483,0.7,0.077,0.747,0.174
O.20,O.20 Thermal Management,The system shall maintain thermal conditions within specified limits to ensure optimal operation of all components.,2.3.5 Radiate Heat,0.414,0.447,0.726,0.0,0.0,0.0
O.20,O.20 Thermal Management,The system shall maintain thermal conditions within specified limits to ensure optimal operation of all components.,1.3.3 Adjust Manufacturing Parameters for Off-Nominal Conditions,0.385,0.349,0.717,0.067,0.054,0.135
O.20,O.20 Thermal Management,The system shall maintain thermal conditions within specified limits to ensure optimal operation of all components.,2.1.1 Inspect System,0.352,0.224,0.523,0.083,0.747,0.213
O.19,O.19 Fault Tolerance,"The system shall include fault-tolerant mechanisms capable of maintaining at least 90% of nominal operational functionality for up to 72 hours following a single-point component failure, as verified through fault injection testing and performance analysis.",2.1.4 Repair System,0.526,0.543,0.555,0.043,0.658,0.147
O.19,O.19 Fault Tolerance,"The system shall include fault-tolerant mechanisms capable of maintaining at least 90% of nominal operational functionality for up to 72 hours following a single-point component failure, as verified through fault injection testing and performance analysis.",2.1.5 Test System After Repairs,0.489,0.429,0.728,0.042,0.658,0.12
O.19,O.19 Fault Tolerance,"The system shall include fault-tolerant mechanisms capable of maintaining at least 90% of nominal operational functionality for up to 72 hours following a single-point component failure, as verified through fault injection testing and performance analysis.",1.2.5 Transmit Data to Ground Control,0.419,0.169,1.59,0.0,0.0,0.0
O.19,O.19 Fault Tolerance,"The system shall include fault-tolerant mechanisms capable of maintaining at least 90% of nominal operational functionality for up to 72 hours following a single-point component failure, as verified through fault injection testing and performance analysis.",2.1.1 Inspect System,0.376,0.25,0.682,0.043,0.658,0.147
O.19,O.19 Fault Tolerance,"The system shall include fault-tolerant mechanisms capable of maintaining at least 90% of nominal operational functionality for up to 72 hours following a single-point component failure, as verified through fault injection testing and performance analysis.",2.1.3 Detect Faults,0.369,0.386,0.549,0.043,0.043,0.147
O.18,O.18 Crew Safety,The system shall include safety protocols to protect crew members during maintenance and operation in space.,3.2.3 Implement Safety Measures (Automated actions to mitigate risk),0.422,0.573,0.242,0.059,0.066,0.114
O.18,O.18 Crew Safety,The system shall include safety protocols to protect crew members during maintenance and operation in space.,1.3.1 Monitor Microgravity Conditions,0.412,0.221,1.397,0.0,0.0,0.0
O.18,O.18 Crew Safety,The system shall include safety protocols to protect crew members during maintenance and operation in space.,3.1.1 Monitor Safety Standards (Automated safety checks),0.405,0.444,0.53,0.067,0.066,0.123
O.18,O.18 Crew Safety,The system shall include safety protocols to protect crew members during maintenance and operation in space.,3.2.2 Analyze Safety Data,0.398,0.363,0.705,0.077,0.066,0.174
O.18,O.18 Crew Safety,The system shall include safety protocols to protect crew members during maintenance and operation in space.,2.1.1 Inspect System,0.367,0.233,0.61,0.083,0.669,0.213
O.17,O.17 Supply Chain Management,"The system shall incorporate supply chain management protocols capable of tracking and verifying the delivery of 95% of raw materials and components within ±5 days of scheduled delivery dates during nominal operations, as verified through system performance simulations and operational data analysis.",1.3.2 Detect Off-Nominal Microgravity Conditions,0.386,0.081,1.598,0.037,0.0,0.096
O.17,O.17 Supply Chain Management,"The system shall incorporate supply chain management protocols capable of tracking and verifying the delivery of 95% of raw materials and components within ±5 days of scheduled delivery dates during nominal operations, as verified through system performance simulations and operational data analysis.",1.2.2 Analyze Production Efficiency,0.368,0.332,0.844,0.0,0.0,0.0
O.17,O.17 Supply Chain Management,"The system shall incorporate supply chain management protocols capable of tracking and verifying the delivery of 95% of raw materials and components within ±5 days of scheduled delivery dates during nominal operations, as verified through system performance simulations and operational data analysis.",6.2.1 Evaluate Performance Metrics (Autonomous analysis),0.35,0.296,0.672,0.074,0.063,0.172
O.17,O.17 Supply Chain Management,"The system shall incorporate supply chain management protocols capable of tracking and verifying the delivery of 95% of raw materials and components within ±5 days of scheduled delivery dates during nominal operations, as verified through system performance simulations and operational data analysis.",4.2.3 Prepare Fiber for Transport (Automated handling and packaging),0.344,0.377,0.589,0.0,0.0,0.0
O.17,O.17 Supply Chain Management,"The system shall incorporate supply chain management protocols capable of tracking and verifying the delivery of 95% of raw materials and components within ±5 days of scheduled delivery dates during nominal operations, as verified through system performance simulations and operational data analysis.",4.2.1 Schedule Resupply Operations (Automated scheduling),0.342,0.41,0.289,0.074,0.063,0.172
O.16,O.16 Launch Operations,"The system shall integrate seamlessly with launch operations, ensuring compatibility with standard launch vehicle interfaces and procedures.",2.1.5 Test System After Repairs,0.414,0.214,0.961,0.071,0.63,0.16
O.16,O.16 Launch Operations,"The system shall integrate seamlessly with launch operations, ensuring compatibility with standard launch vehicle interfaces and procedures.",1.3.3 Adjust Manufacturing Parameters for Off-Nominal Conditions,0.404,0.183,1.471,0.0,0.0,0.0
O.16,O.16 Launch Operations,"The system shall integrate seamlessly with launch operations, ensuring compatibility with standard launch vehicle interfaces and procedures.",2.1.1.1 Conduct Autonomous Diagnostics,0.368,0.368,0.735,0.0,0.0,0.0
O.16,O.16 Launch Operations,"The system shall integrate seamlessly with launch operations, ensuring compatibility with standard launch vehicle interfaces and procedures.",2.1.1 Inspect System,0.347,0.24,0.523,0.077,0.63,0.196
O.16,O.16 Launch Operations,"The system shall integrate seamlessly with launch operations, ensuring compatibility with standard launch vehicle interfaces and procedures.",3.2.3 Implement Safety Measures (Automated actions to mitigate risk),0.343,0.379,0.577,0.0,0.0,0.0
O.15,O.15 Radiation Protection,"The system shall provide sufficient radiation shielding to protect sensitive equipment and materials, ensuring less than 5% degradation in performance over its operational lifetime.",2.1.1 Inspect System,0.489,0.147,1.473,0.062,0.761,0.183
O.15,O.15 Radiation Protection,"The system shall provide sufficient radiation shielding to protect sensitive equipment and materials, ensuring less than 5% degradation in performance over its operational lifetime.",2.4.1 Monitor Radiation Levels,0.469,0.531,0.595,0.059,0.046,0.149
O.15,O.15 Radiation Protection,"The system shall provide sufficient radiation shielding to protect sensitive equipment and materials, ensuring less than 5% degradation in performance over its operational lifetime.",2.4.2 Analyze Radiation Exposure Data,0.449,0.49,0.634,0.056,0.046,0.129
O.15,O.15 Radiation Protection,"The system shall provide sufficient radiation shielding to protect sensitive equipment and materials, ensuring less than 5% degradation in performance over its operational lifetime.",2.4.3 Adjust Operations for Radiation Protection,0.448,0.625,0.22,0.056,0.046,0.129
O.15,O.15 Radiation Protection,"The system shall provide sufficient radiation shielding to protect sensitive equipment and materials, ensuring less than 5% degradation in performance over its operational lifetime.",2.1.2 Calibrate System,0.41,0.245,0.781,0.062,0.761,0.183
O.14,O.14 Process Versatility,The system shall be adaptable to process at least three different types of products beyond ZBLAN within its operational lifetime,2.1.2 Calibrate System,0.505,0.215,1.315,0.091,0.726,0.224
O.14,O.14 Process Versatility,The system shall be adaptable to process at least three different types of products beyond ZBLAN within its operational lifetime,2.1.4 Repair System,0.354,0.241,0.482,0.091,0.726,0.224
O.14,O.14 Process Versatility,The system shall be adaptable to process at least three different types of products beyond ZBLAN within its operational lifetime,2.1.1 Inspect System,0.34,0.136,0.727,0.091,0.726,0.224
O.14,O.14 Process Versatility,The system shall be adaptable to process at least three different types of products beyond ZBLAN within its operational lifetime,5.1.2 Activate Backup Systems,0.326,0.121,0.728,0.083,0.726,0.183
O.14,O.14 Process Versatility,The system shall be adaptable to process at least three different types of products beyond ZBLAN within its operational lifetime,6.2.3 Generate Optimization Suggestions (Autonomous optimization algorithms),0.294,0.241,0.748,0.0,0.0,0.0
O.13,O.13 Automation,"The system shall operate autonomously for at least 95% of its production time, including the ability to automatically restart fiber production after breaks.",1.1.4 Draw Fiber from Preform,0.479,0.311,1.232,0.071,0.156,0.16
O.13,O.13 Automation,"The system shall operate autonomously for at least 95% of its production time, including the ability to automatically restart fiber production after breaks.",2.1.4 Repair System,0.448,0.314,0.858,0.077,0.526,0.196
O.13,O.13 Automation,"The system shall operate autonomously for at least 95% of its production time, including the ability to automatically restart fiber production after breaks.",2.1.3 Detect Faults,0.403,0.192,1.437,0.0,0.0,0.0
O.13,O.13 Automation,"The system shall operate autonomously for at least 95% of its production time, including the ability to automatically restart fiber production after breaks.",1.2.3 Detect Production Anomalies,0.396,0.315,0.819,0.071,0.127,0.16
O.13,O.13 Automation,"The system shall operate autonomously for at least 95% of its production time, including the ability to automatically restart fiber production after breaks.",4.2.3 Prepare Fiber for Transport (Automated handling and packaging),0.388,0.522,0.18,0.059,0.156,0.113
O.12,O.12 Production Ramping,The system shall be capable of scaling production capacity from initial demonstration levels to full commercial production levels of up to 50 km of ZBLAN fiber per draw.,1.1.4 Draw Fiber from Preform,0.463,0.312,1.01,0.143,0.157,0.298
O.12,O.12 Production Ramping,The system shall be capable of scaling production capacity from initial demonstration levels to full commercial production levels of up to 50 km of ZBLAN fiber per draw.,2.1.4 Repair System,0.458,0.122,1.514,0.071,0.492,0.183
O.12,O.12 Production Ramping,The system shall be capable of scaling production capacity from initial demonstration levels to full commercial production levels of up to 50 km of ZBLAN fiber per draw.,1.2.5.2 Amplify High Rate Transmission,0.414,0.39,0.899,0.0,0.0,0.0
O.12,O.12 Production Ramping,The system shall be capable of scaling production capacity from initial demonstration levels to full commercial production levels of up to 50 km of ZBLAN fiber per draw.,1.2.2 Analyze Production Efficiency,0.375,0.293,0.798,0.067,0.119,0.149
O.12,O.12 Production Ramping,The system shall be capable of scaling production capacity from initial demonstration levels to full commercial production levels of up to 50 km of ZBLAN fiber per draw.,1.1.5 Cool/ Anneal Fiber,0.348,0.364,0.411,0.071,0.146,0.183
O.11,O.11 Scalable Production,"The system shall include docking interfaces compliant with the International Docking System Standard (IDSS) to support the addition of at least two production modules post-launch, verified through interface conformity analysis and simulated docking operations.",2.1.5 Test System After Repairs,0.488,0.197,1.58,0.043,0.334,0.118
O.11,O.11 Scalable Production,"The system shall include docking interfaces compliant with the International Docking System Standard (IDSS) to support the addition of at least two production modules post-launch, verified through interface conformity analysis and simulated docking operations.",1.3.3 Adjust Manufacturing Parameters for Off-Nominal Conditions,0.368,0.249,1.096,0.0,0.0,0.0
O.11,O.11 Scalable Production,"The system shall include docking interfaces compliant with the International Docking System Standard (IDSS) to support the addition of at least two production modules post-launch, verified through interface conformity analysis and simulated docking operations.",7.1.8 Support Platform Structure,0.334,0.322,0.596,0.043,0.018,0.118
O.11,O.11 Scalable Production,"The system shall include docking interfaces compliant with the International Docking System Standard (IDSS) to support the addition of at least two production modules post-launch, verified through interface conformity analysis and simulated docking operations.",2.1.4 Repair System,0.332,0.257,0.603,0.045,0.334,0.144
O.11,O.11 Scalable Production,"The system shall include docking interfaces compliant with the International Docking System Standard (IDSS) to support the addition of at least two production modules post-launch, verified through interface conformity analysis and simulated docking operations.",7.1.1 Receive and Secure Modules in Orbit,0.322,0.375,0.385,0.042,0.011,0.102
O.10,O.10 Upgradable Technologies,"The system shall include modular hardware and software interfaces that support integration of at least three new manufacturing technologies or processes, as verified by simulated upgrades and functional tests during design validation.",2.1.5 Test System After Repairs,0.446,0.248,0.944,0.095,0.643,0.258
O.10,O.10 Upgradable Technologies,"The system shall include modular hardware and software interfaces that support integration of at least three new manufacturing technologies or processes, as verified by simulated upgrades and functional tests during design validation.",1.2.1 Collect Real-Time Production Data,0.363,0.349,0.767,0.0,0.0,0.0
O.10,O.10 Upgradable Technologies,"The system shall include modular hardware and software interfaces that support integration of at least three new manufacturing technologies or processes, as verified by simulated upgrades and functional tests during design validation.",2.1.2 Calibrate System,0.349,0.257,0.544,0.048,0.61,0.158
O.10,O.10 Upgradable Technologies,"The system shall include modular hardware and software interfaces that support integration of at least three new manufacturing technologies or processes, as verified by simulated upgrades and functional tests during design validation.",1.3.3 Adjust Manufacturing Parameters for Off-Nominal Conditions,0.333,0.379,0.525,0.0,0.0,0.0
O.10,O.10 Upgradable Technologies,"The system shall include modular hardware and software interfaces that support integration of at least three new manufacturing technologies or processes, as verified by simulated upgrades and functional tests during design validation.",2.1.4 Repair System,0.331,0.348,0.18,0.048,0.61,0.158
O.9,O.9 User-Friendly Interfaces,"The system shall be compatible with NASA's Space Network (SN) ground control equipment, including the Tracking and Data Relay Satellite System (TDRSS), achieving at least 99.5% data transmission success during simulated and operational communication tests under nominal and contingency scenarios.",1.2.5 Transmit Data to Ground Control,0.52,0.505,0.762,0.111,0.132,0.289
O.9,O.9 User-Friendly Interfaces,"The system shall be compatible with NASA's Space Network (SN) ground control equipment, including the Tracking and Data Relay Satellite System (TDRSS), achieving at least 99.5% data transmission success during simulated and operational communication tests under nominal and contingency scenarios.",7.1.1 Receive and Secure Modules in Orbit,0.43,0.471,0.738,0.0,0.0,0.0
O.9,O.9 User-Friendly Interfaces,"The system shall be compatible with NASA's Space Network (SN) ground control equipment, including the Tracking and Data Relay Satellite System (TDRSS), achieving at least 99.5% data transmission success during simulated and operational communication tests under nominal and contingency scenarios.",2.1.1.2 Monitor System Health,0.38,0.283,0.788,0.036,0.344,0.111
O.9,O.9 User-Friendly Interfaces,"The system shall be compatible with NASA's Space Network (SN) ground control equipment, including the Tracking and Data Relay Satellite System (TDRSS), achieving at least 99.5% data transmission success during simulated and operational communication tests under nominal and contingency scenarios.",2.1.2 Calibrate System,0.368,0.339,0.549,0.037,0.344,0.136
O.9,O.9 User-Friendly Interfaces,"The system shall be compatible with NASA's Space Network (SN) ground control equipment, including the Tracking and Data Relay Satellite System (TDRSS), achieving at least 99.5% data transmission success during simulated and operational communication tests under nominal and contingency scenarios.",2.1.5 Test System After Repairs,0.36,0.254,0.671,0.074,0.363,0.222
O.8,O.8 Standardized Data Formats,"The system shall utilize standardized data formats and protocols for all manufacturing processes, system operations, and ground communications.",1.2.1 Collect Real-Time Production Data,0.371,0.358,0.783,0.0,0.0,0.0
O.8,O.8 Standardized Data Formats,"The system shall utilize standardized data formats and protocols for all manufacturing processes, system operations, and ground communications.",4.2.1 Schedule Resupply Operations (Automated scheduling),0.312,0.249,0.653,0.062,0.068,0.124
O.8,O.8 Standardized Data Formats,"The system shall utilize standardized data formats and protocols for all manufacturing processes, system operations, and ground communications.",2.1.2 Calibrate System,0.309,0.205,0.569,0.077,0.374,0.196
O.8,O.8 Standardized Data Formats,"The system shall utilize standardized data formats and protocols for all manufacturing processes, system operations, and ground communications.",4.1.3.1 Coordinate Automated Resource Transfer,0.303,0.314,0.574,0.0,0.0,0.0
O.8,O.8 Standardized Data Formats,"The system shall utilize standardized data formats and protocols for all manufacturing processes, system operations, and ground communications.",2.2.3 Distribute Power,0.303,0.03,1.425,0.0,0.0,0.0
O.7,O.7 Data Distribution,"The system shall support secure and efficient distribution of manufacturing data, telemetry, and product information between the orbital platform and ground stations, with data transmission reliability of at least 99.9% and a latency of no more than 500 milliseconds, as verified by communication link performance tests.",1.2.5 Transmit Data to Ground Control,0.428,0.43,0.608,0.074,0.139,0.2
O.7,O.7 Data Distribution,"The system shall support secure and efficient distribution of manufacturing data, telemetry, and product information between the orbital platform and ground stations, with data transmission reliability of at least 99.9% and a latency of no more than 500 milliseconds, as verified by communication link performance tests.",7.1.1 Receive and Secure Modules in Orbit,0.428,0.563,0.364,0.036,0.0,0.1
O.7,O.7 Data Distribution,"The system shall support secure and efficient distribution of manufacturing data, telemetry, and product information between the orbital platform and ground stations, with data transmission reliability of at least 99.9% and a latency of no more than 500 milliseconds, as verified by communication link performance tests.",2.3.1 Monitor Thermal Environment,0.412,0.175,1.535,0.0,0.0,0.0
O.7,O.7 Data Distribution,"The system shall support secure and efficient distribution of manufacturing data, telemetry, and product information between the orbital platform and ground stations, with data transmission reliability of at least 99.9% and a latency of no more than 500 milliseconds, as verified by communication link performance tests.",4.2.2 Coordinate Resource Transfers (Remote coordination),0.393,0.393,0.788,0.0,0.0,0.0
O.7,O.7 Data Distribution,"The system shall support secure and efficient distribution of manufacturing data, telemetry, and product information between the orbital platform and ground stations, with data transmission reliability of at least 99.9% and a latency of no more than 500 milliseconds, as verified by communication link performance tests.",6.1.3 Store Performance Data,0.376,0.144,1.182,0.077,0.144,0.231
O.6,O.6 Environmental Survivability,"The system shall withstand the harsh space environment, including radiation, thermal cycling, and micrometeoroid impacts, without critical failure.",2.3.2 Regulate System Temperature,0.5,0.161,1.497,0.062,0.764,0.154
O.6,O.6 Environmental Survivability,"The system shall withstand the harsh space environment, including radiation, thermal cycling, and micrometeoroid impacts, without critical failure.",1.3.1 Monitor Microgravity Conditions,0.372,0.365,0.763,0.0,0.0,0.0
O.6,O.6 Environmental Survivability,"The system shall withstand the harsh space environment, including radiation, thermal cycling, and micrometeoroid impacts, without critical failure.",2.1.5 Test System After Repairs,0.366,0.286,0.449,0.062,0.764,0.154
O.6,O.6 Environmental Survivability,"The system shall withstand the harsh space environment, including radiation, thermal cycling, and micrometeoroid impacts, without critical failure.",2.1.1 Inspect System,0.334,0.191,0.557,0.067,0.764,0.189
O.6,O.6 Environmental Survivability,"The system shall withstand the harsh space environment, including radiation, thermal cycling, and micrometeoroid impacts, without critical failure.",3.1.1 Monitor Safety Standards (Automated safety checks),0.333,0.303,0.754,0.0,0.0,0.0
O.5,O.5 Operational Availability,The system shall maintain a minimum of 95% operational availability throughout its design life.,2.1.4 Repair System,0.4,0.376,0.18,0.111,0.919,0.25
O.5,O.5 Operational Availability,The system shall maintain a minimum of 95% operational availability throughout its design life.,2.4.1 Monitor Radiation Levels,0.391,0.221,1.296,0.0,0.0,0.0
O.5,O.5 Operational Availability,The system shall maintain a minimum of 95% operational availability throughout its design life.,2.1.2 Calibrate System,0.391,0.246,0.523,0.111,0.919,0.25
O.5,O.5 Operational Availability,The system shall maintain a minimum of 95% operational availability throughout its design life.,3.1.1 Monitor Safety Standards (Automated safety checks),0.391,0.373,0.836,0.0,0.0,0.0
O.5,O.5 Operational Availability,The system shall maintain a minimum of 95% operational availability throughout its design life.,2.1.1 Inspect System,0.372,0.228,0.478,0.111,0.919,0.25
O.4,O.4 Command and Control,"The system shall provide secure and reliable command and control capabilities for all orbital manufacturing operations, with at least 99.9% command success rate and data integrity, as verified by operational and simulated mission scenarios.",7.1.1 Receive and Secure Modules in Orbit,0.488,0.514,0.799,0.043,0.0,0.109
O.4,O.4 Command and Control,"The system shall provide secure and reliable command and control capabilities for all orbital manufacturing operations, with at least 99.9% command success rate and data integrity, as verified by operational and simulated mission scenarios.",4.2.1 Schedule Resupply Operations (Automated scheduling),0.414,0.31,0.997,0.042,0.104,0.098
O.4,O.4 Command and Control,"The system shall provide secure and reliable command and control capabilities for all orbital manufacturing operations, with at least 99.9% command success rate and data integrity, as verified by operational and simulated mission scenarios.",2.4.2 Analyze Radiation Exposure Data,0.398,0.151,1.538,0.0,0.0,0.0
O.4,O.4 Command and Control,"The system shall provide secure and reliable command and control capabilities for all orbital manufacturing operations, with at least 99.9% command success rate and data integrity, as verified by operational and simulated mission scenarios.",2.1.1 Inspect System,0.397,0.294,0.689,0.048,0.575,0.154
O.4,O.4 Command and Control,"The system shall provide secure and reliable command and control capabilities for all orbital manufacturing operations, with at least 99.9% command success rate and data integrity, as verified by operational and simulated mission scenarios.",3.3.1 Monitor Orbital Environment for Debris,0.383,0.382,0.673,0.043,0.0,0.109
O.3,O.3 Safe Return,The system shall return manufactured ZBLAN fibers to Earth safely and intact for commercial use.,2.4.3 Adjust Operations for Radiation Protection,0.424,0.232,1.427,0.0,0.0,0.0
O.3,O.3 Safe Return,The system shall return manufactured ZBLAN fibers to Earth safely and intact for commercial use.,2.1.4 Repair System,0.394,0.206,0.831,0.083,0.664,0.213
O.3,O.3 Safe Return,The system shall return manufactured ZBLAN fibers to Earth safely and intact for commercial use.,4.2.3 Prepare Fiber for Transport (Automated handling and packaging),0.388,0.512,0.18,0.062,0.197,0.123
O.3,O.3 Safe Return,The system shall return manufactured ZBLAN fibers to Earth safely and intact for commercial use.,1.1.5 Cool/ Anneal Fiber,0.35,0.35,0.411,0.083,0.197,0.213
O.3,O.3 Safe Return,The system shall return manufactured ZBLAN fibers to Earth safely and intact for commercial use.,5.1.2 Activate Backup Systems,0.317,0.138,0.675,0.077,0.664,0.174
O.2,O.2 Continuous Operation,The system shall be designed to operate continuously in the space environment for a minimum of 5 years without requiring physical human intervention.,3.1.1 Monitor Safety Standards (Automated safety checks),0.457,0.266,1.485,0.0,0.0,0.0
O.2,O.2 Continuous Operation,The system shall be designed to operate continuously in the space environment for a minimum of 5 years without requiring physical human intervention.,2.3.2 Regulate System Temperature,0.361,0.18,0.739,0.067,0.76,0.16
O.2,O.2 Continuous Operation,The system shall be designed to operate continuously in the space environment for a minimum of 5 years without requiring physical human intervention.,2.4.1 Monitor Radiation Levels,0.34,0.26,0.923,0.0,0.0,0.0
O.2,O.2 Continuous Operation,The system shall be designed to operate continuously in the space environment for a minimum of 5 years without requiring physical human intervention.,1.3.1 Monitor Microgravity Conditions,0.307,0.327,0.556,0.0,0.0,0.0
O.2,O.2 Continuous Operation,The system shall be designed to operate continuously in the space environment for a minimum of 5 years without requiring physical human intervention.,2.1.2 Calibrate System,0.293,0.24,0.198,0.071,0.76,0.196
O.1,O.1 High-Quality Production,The system shall produce ZBLAN fibers with less than 1 crystallization defect per kilometer of fiber manufactured in microgravity,1.1.5 Cool/ Anneal Fiber,0.522,0.491,0.857,0.091,0.164,0.213
O.1,O.1 High-Quality Production,The system shall produce ZBLAN fibers with less than 1 crystallization defect per kilometer of fiber manufactured in microgravity,1.1.7 Monitor Fiber Quality,0.385,0.317,0.72,0.083,0.164,0.174
O.1,O.1 High-Quality Production,The system shall produce ZBLAN fibers with less than 1 crystallization defect per kilometer of fiber manufactured in microgravity,1.1.6 Spool Fiber,0.352,0.44,0.16,0.091,0.164,0.213
O.1,O.1 High-Quality Production,The system shall produce ZBLAN fibers with less than 1 crystallization defect per kilometer of fiber manufactured in microgravity,4.2.3 Prepare Fiber for Transport (Automated handling and packaging),0.34,0.437,0.18,0.067,0.164,0.123
O.1,O.1 High-Quality Production,The system shall produce ZBLAN fibers with less than 1 crystallization defect per kilometer of fiber manufactured in microgravity,2.3.6 Insulate System Thermally,0.329,0.166,0.7,0.083,0.553,0.174
I.11,I.11 Product Return Interface,The system shall interface with a secure product return capsule capable of safely transporting at least 50 km of produced ZBLAN fiber to Earth.,4.2.3 Prepare Fiber for Transport (Automated handling and packaging),0.437,0.566,0.18,0.111,0.171,0.218
I.11,I.11 Product Return Interface,The system shall interface with a secure product return capsule capable of safely transporting at least 50 km of produced ZBLAN fiber to Earth.,1.1.5 Cool/ Anneal Fiber,0.432,0.378,0.777,0.067,0.171,0.189
I.11,I.11 Product Return Interface,The system shall interface with a secure product return capsule capable of safely transporting at least 50 km of produced ZBLAN fiber to Earth.,1.1.6 Spool Fiber,0.391,0.415,0.462,0.067,0.171,0.189
I.11,I.11 Product Return Interface,The system shall interface with a secure product return capsule capable of safely transporting at least 50 km of produced ZBLAN fiber to Earth.,1.1.4 Draw Fiber from Preform,0.383,0.338,0.676,0.062,0.171,0.154
I.11,I.11 Product Return Interface,The system shall interface with a secure product return capsule capable of safely transporting at least 50 km of produced ZBLAN fiber to Earth.,2.4.3 Adjust Operations for Radiation Protection,0.361,0.225,1.132,0.0,0.0,0.0
I.10,I.10 Raw Material Interface,The system shall interface with standardized raw material containers to facilitate easy resupply and material changeout.,3.2.1 Detect Safety Hazards (Autonomous hazard detection),0.385,0.145,1.49,0.0,0.0,0.0
I.10,I.10 Raw Material Interface,The system shall interface with standardized raw material containers to facilitate easy resupply and material changeout.,4.1.2 Request Resupply (Autonomous resupply request),0.37,0.41,0.462,0.077,0.027,0.129
I.10,I.10 Raw Material Interface,The system shall interface with standardized raw material containers to facilitate easy resupply and material changeout.,2.1.1 Inspect System,0.357,0.166,0.723,0.083,0.754,0.204
I.10,I.10 Raw Material Interface,The system shall interface with standardized raw material containers to facilitate easy resupply and material changeout.,4.2.1 Schedule Resupply Operations (Automated scheduling),0.352,0.463,0.228,0.067,0.027,0.129
I.10,I.10 Raw Material Interface,The system shall interface with standardized raw material containers to facilitate easy resupply and material changeout.,4.1.1 Track Resources (Automated tracking),0.35,0.226,1.074,0.0,0.0,0.0
I.9,I.9 Maintenance Interface,"The system shall provide interfaces for maintenance activities, allowing for easy access to critical components.",2.1.4 Repair System,0.472,0.525,0.18,0.083,0.83,0.213
I.9,I.9 Maintenance Interface,"The system shall provide interfaces for maintenance activities, allowing for easy access to critical components.",2.1.1 Inspect System,0.458,0.383,0.533,0.083,0.83,0.213
I.9,I.9 Maintenance Interface,"The system shall provide interfaces for maintenance activities, allowing for easy access to critical components.",2.1.5 Test System After Repairs,0.432,0.346,0.543,0.077,0.83,0.174
I.9,I.9 Maintenance Interface,"The system shall provide interfaces for maintenance activities, allowing for easy access to critical components.",3.2.3 Implement Safety Measures (Automated actions to mitigate risk),0.424,0.438,0.805,0.0,0.0,0.0
I.9,I.9 Maintenance Interface,"The system shall provide interfaces for maintenance activities, allowing for easy access to critical components.",3.2.2 Analyze Safety Data,0.416,0.213,1.44,0.0,0.0,0.0
I.8,I.8 Data Interface,The system shall interface with external data systems to allow for the exchange of operational data and analytics.,3.2.3 Implement Safety Measures (Automated actions to mitigate risk),0.421,0.251,1.349,0.0,0.0,0.0
I.8,I.8 Data Interface,The system shall interface with external data systems to allow for the exchange of operational data and analytics.,6.1.3 Store Performance Data,0.393,0.29,0.884,0.083,0.078,0.174
I.8,I.8 Data Interface,The system shall interface with external data systems to allow for the exchange of operational data and analytics.,3.2.2 Analyze Safety Data,0.387,0.298,0.829,0.083,0.078,0.174
I.8,I.8 Data Interface,The system shall interface with external data systems to allow for the exchange of operational data and analytics.,1.2.1 Collect Real-Time Production Data,0.357,0.447,0.269,0.071,0.078,0.135
I.8,I.8 Data Interface,The system shall interface with external data systems to allow for the exchange of operational data and analytics.,6.1.2 Log System Data,0.345,0.292,0.245,0.182,0.495,0.348
I.7,I.7 Human Interface,The system shall provide intuitive interfaces that allow trained personnel to perform necessary operations with less than 1 hour of specific task training.,2.1.1 Inspect System,0.392,0.296,0.533,0.062,0.769,0.183
I.7,I.7 Human Interface,The system shall provide intuitive interfaces that allow trained personnel to perform necessary operations with less than 1 hour of specific task training.,3.2.3 Implement Safety Measures (Automated actions to mitigate risk),0.348,0.311,0.805,0.0,0.0,0.0
I.7,I.7 Human Interface,The system shall provide intuitive interfaces that allow trained personnel to perform necessary operations with less than 1 hour of specific task training.,2.1.5 Test System After Repairs,0.324,0.148,0.66,0.059,0.769,0.149
I.7,I.7 Human Interface,The system shall provide intuitive interfaces that allow trained personnel to perform necessary operations with less than 1 hour of specific task training.,3.3.1 Monitor Orbital Environment for Debris,0.317,0.032,1.488,0.0,0.0,0.0
I.7,I.7 Human Interface,The system shall provide intuitive interfaces that allow trained personnel to perform necessary operations with less than 1 hour of specific task training.,2.1.4.1 Initiate Autonomous Repairs (Remote or autonomous actions),0.294,0.299,0.574,0.0,0.0,0.0
I.6,I.6 Existing Infrastructure,"The system shall interface with existing space infrastructure for power, data, and other resources.",2.1.1.2 Monitor System Health,0.411,0.272,0.737,0.091,0.627,0.192
I.6,I.6 Existing Infrastructure,"The system shall interface with existing space infrastructure for power, data, and other resources.",4.1.2 Request Resupply (Autonomous resupply request),0.351,0.332,0.757,0.0,0.0,0.0
I.6,I.6 Existing Infrastructure,"The system shall interface with existing space infrastructure for power, data, and other resources.",4.2.2 Coordinate Resource Transfers (Remote coordination),0.348,0.356,0.504,0.077,0.03,0.149
I.6,I.6 Existing Infrastructure,"The system shall interface with existing space infrastructure for power, data, and other resources.",2.1.4.2 Coordinate Remote Repair Support (Ground-based intervention),0.337,0.324,0.713,0.0,0.0,0.0
I.6,I.6 Existing Infrastructure,"The system shall interface with existing space infrastructure for power, data, and other resources.",6.1.2 Log System Data,0.328,0.228,0.191,0.2,0.744,0.385
I.5,I.5 Launch Vehicle Compatibility,"The system shall be compatible with the SpaceX Falcon 9 and United Launch Alliance Atlas V launch vehicles, as verified through review of the corresponding Interface Control Documents (ICDs) for each vehicle.",2.1.5 Test System After Repairs,0.353,0.134,0.895,0.053,0.701,0.132
I.5,I.5 Launch Vehicle Compatibility,"The system shall be compatible with the SpaceX Falcon 9 and United Launch Alliance Atlas V launch vehicles, as verified through review of the corresponding Interface Control Documents (ICDs) for each vehicle.",3.3.3 Execute End-of-Life Deorbiting Procedures,0.333,0.02,1.607,0.0,0.0,0.0
I.5,I.5 Launch Vehicle Compatibility,"The system shall be compatible with the SpaceX Falcon 9 and United Launch Alliance Atlas V launch vehicles, as verified through review of the corresponding Interface Control Documents (ICDs) for each vehicle.",5.1.2 Activate Backup Systems,0.32,0.194,0.55,0.053,0.701,0.132
I.5,I.5 Launch Vehicle Compatibility,"The system shall be compatible with the SpaceX Falcon 9 and United Launch Alliance Atlas V launch vehicles, as verified through review of the corresponding Interface Control Documents (ICDs) for each vehicle.",1.3.3 Adjust Manufacturing Parameters for Off-Nominal Conditions,0.3,0.1,1.198,0.0,0.0,0.0
I.5,I.5 Launch Vehicle Compatibility,"The system shall be compatible with the SpaceX Falcon 9 and United Launch Alliance Atlas V launch vehicles, as verified through review of the corresponding Interface Control Documents (ICDs) for each vehicle.",2.1.2 Calibrate System,0.296,0.266,0.198,0.056,0.701,0.162
I.4,I.4 Resupply and Retrieval,The system shall accommodate resupply of raw materials and retrieval of finished products via standard cargo spacecraft.,4.1.1 Track Resources (Automated tracking),0.414,0.195,1.485,0.0,0.0,0.0
I.4,I.4 Resupply and Retrieval,The system shall accommodate resupply of raw materials and retrieval of finished products via standard cargo spacecraft.,4.1.3 Receive Resupply,0.375,0.369,0.578,0.077,0.027,0.204
I.4,I.4 Resupply and Retrieval,The system shall accommodate resupply of raw materials and retrieval of finished products via standard cargo spacecraft.,2.1.4 Repair System,0.375,0.381,0.18,0.077,0.748,0.204
I.4,I.4 Resupply and Retrieval,The system shall accommodate resupply of raw materials and retrieval of finished products via standard cargo spacecraft.,2.1.2 Calibrate System,0.355,0.229,0.537,0.077,0.748,0.204
I.4,I.4 Resupply and Retrieval,The system shall accommodate resupply of raw materials and retrieval of finished products via standard cargo spacecraft.,4.2.1 Schedule Resupply Operations (Automated scheduling),0.351,0.463,0.228,0.062,0.027,0.129
I.3,I.3 Infrastructure Interface,"The system shall interface with the host space station or platform for power, thermal management, and structural support during test flights or as needed for repair and operational support on orbit",4.1.2 Request Resupply (Autonomous resupply request),0.509,0.343,1.517,0.0,0.0,0.0
I.3,I.3 Infrastructure Interface,"The system shall interface with the host space station or platform for power, thermal management, and structural support during test flights or as needed for repair and operational support on orbit",2.1.5 Test System After Repairs,0.482,0.319,0.785,0.167,0.604,0.397
I.3,I.3 Infrastructure Interface,"The system shall interface with the host space station or platform for power, thermal management, and structural support during test flights or as needed for repair and operational support on orbit",7.1.1 Receive and Secure Modules in Orbit,0.409,0.451,0.574,0.048,0.03,0.115
I.3,I.3 Infrastructure Interface,"The system shall interface with the host space station or platform for power, thermal management, and structural support during test flights or as needed for repair and operational support on orbit",2.3.2 Regulate System Temperature,0.392,0.276,0.748,0.05,0.539,0.132
I.3,I.3 Infrastructure Interface,"The system shall interface with the host space station or platform for power, thermal management, and structural support during test flights or as needed for repair and operational support on orbit",2.1.4 Repair System,0.384,0.393,0.18,0.111,0.574,0.324
I.2,I.2 Telemetry Transmission,The system shall transmit manufacturing telemetry and product quality data to Earth in real-time.,1.2.1 Collect Real-Time Production Data,0.589,0.619,0.58,0.231,0.154,0.405
I.2,I.2 Telemetry Transmission,The system shall transmit manufacturing telemetry and product quality data to Earth in real-time.,4.1.3 Receive Resupply,0.45,0.295,1.366,0.0,0.0,0.0
I.2,I.2 Telemetry Transmission,The system shall transmit manufacturing telemetry and product quality data to Earth in real-time.,4.2.2 Coordinate Resource Transfers (Remote coordination),0.397,0.278,1.151,0.0,0.0,0.0
I.2,I.2 Telemetry Transmission,The system shall transmit manufacturing telemetry and product quality data to Earth in real-time.,6.1.1 Capture Sensor Data (Automated and continuous),0.392,0.426,0.491,0.067,0.109,0.135
I.2,I.2 Telemetry Transmission,The system shall transmit manufacturing telemetry and product quality data to Earth in real-time.,2.1.2 Calibrate System,0.38,0.295,0.537,0.083,0.583,0.213
I.1,I.1 Command Reception,The system shall receive commands and software updates from ground control stations.,4.2.1 Schedule Resupply Operations (Automated scheduling),0.52,0.428,1.315,0.0,0.0,0.0
I.1,I.1 Command Reception,The system shall receive commands and software updates from ground control stations.,1.2.5 Transmit Data to Ground Control,0.44,0.545,0.145,0.182,0.144,0.333
I.1,I.1 Command Reception,The system shall receive commands and software updates from ground control stations.,4.1.3.2 Update Inventory,0.397,0.257,0.997,0.1,0.0,0.236
I.1,I.1 Command Reception,The system shall receive commands and software updates from ground control stations.,2.1.4 Repair System,0.384,0.385,0.18,0.1,0.73,0.236
I.1,I.1 Command Reception,The system shall receive commands and software updates from ground control stations.,5.2.1 Receive Remote Commands,0.378,0.336,0.473,0.2,0.04,0.385
F.19,F.19 Real-Time Data Transmission,The system shall transmit quality control data to Earth in real-time with a latency of no more than 1 second.,1.2.1 Collect Real-Time Production Data,0.529,0.494,0.649,0.231,0.166,0.405
F.19,F.19 Real-Time Data Transmission,The system shall transmit quality control data to Earth in real-time with a latency of no more than 1 second.,4.2.2 Coordinate Resource Transfers (Remote coordination),0.448,0.306,1.324,0.0,0.0,0.0
F.19,F.19 Real-Time Data Transmission,The system shall transmit quality control data to Earth in real-time with a latency of no more than 1 second.,4.1.3 Receive Resupply,0.419,0.297,1.204,0.0,0.0,0.0
F.19,F.19 Real-Time Data Transmission,The system shall transmit quality control data to Earth in real-time with a latency of no more than 1 second.,6.1.2 Log System Data,0.412,0.247,0.607,0.167,0.745,0.348
F.19,F.19 Real-Time Data Transmission,The system shall transmit quality control data to Earth in real-time with a latency of no more than 1 second.,1.2.5 Transmit Data to Ground Control,0.398,0.426,0.145,0.25,0.186,0.452
F.18,F.18 Quality Control Redundancy,The system shall incorporate redundant quality control sensors with automatic failover capabilities to ensure continuous monitoring in case of sensor failure.,4.2.3 Prepare Fiber for Transport (Automated handling and packaging),0.466,0.259,1.55,0.0,0.0,0.0
F.18,F.18 Quality Control Redundancy,The system shall incorporate redundant quality control sensors with automatic failover capabilities to ensure continuous monitoring in case of sensor failure.,2.1.1.2 Monitor System Health,0.397,0.505,0.0,0.059,0.68,0.144
F.18,F.18 Quality Control Redundancy,The system shall incorporate redundant quality control sensors with automatic failover capabilities to ensure continuous monitoring in case of sensor failure.,2.1.4 Repair System,0.395,0.435,0.18,0.062,0.68,0.177
F.18,F.18 Quality Control Redundancy,The system shall incorporate redundant quality control sensors with automatic failover capabilities to ensure continuous monitoring in case of sensor failure.,2.1.1 Inspect System,0.358,0.259,0.523,0.062,0.68,0.177
F.18,F.18 Quality Control Redundancy,The system shall incorporate redundant quality control sensors with automatic failover capabilities to ensure continuous monitoring in case of sensor failure.,6.1.1 Capture Sensor Data (Automated and continuous),0.356,0.457,0.175,0.111,0.03,0.224
F.17,F.17 In-situ Annealing,The system shall incorporate in-situ annealing capabilities to reduce internal stresses in the produced ZBLAN fibers.,1.1.5 Cool/ Anneal Fiber,0.498,0.52,0.652,0.077,0.202,0.204
F.17,F.17 In-situ Annealing,The system shall incorporate in-situ annealing capabilities to reduce internal stresses in the produced ZBLAN fibers.,4.2.3 Prepare Fiber for Transport (Automated handling and packaging),0.428,0.388,0.758,0.059,0.202,0.118
F.17,F.17 In-situ Annealing,The system shall incorporate in-situ annealing capabilities to reduce internal stresses in the produced ZBLAN fibers.,5.1.1 Initiate System Restarts,0.376,-0.025,1.457,0.071,0.681,0.167
F.17,F.17 In-situ Annealing,The system shall incorporate in-situ annealing capabilities to reduce internal stresses in the produced ZBLAN fibers.,5.1.2 Activate Backup Systems,0.29,0.035,0.851,0.071,0.681,0.167
F.17,F.17 In-situ Annealing,The system shall incorporate in-situ annealing capabilities to reduce internal stresses in the produced ZBLAN fibers.,1.1.6 Spool Fiber,0.289,0.335,0.16,0.077,0.202,0.204
F.16,F.16 Fiber Diameter Control,The system shall control the diameter of the produced ZBLAN fiber within ±1% of the target diameter throughout the drawing process.,1.1.7.1 Measure Fiber Diameter,0.417,0.544,0.0,0.182,0.191,0.348
F.16,F.16 Fiber Diameter Control,The system shall control the diameter of the produced ZBLAN fiber within ±1% of the target diameter throughout the drawing process.,1.1.5 Cool/ Anneal Fiber,0.416,0.323,0.827,0.091,0.17,0.213
F.16,F.16 Fiber Diameter Control,The system shall control the diameter of the produced ZBLAN fiber within ±1% of the target diameter throughout the drawing process.,4.2.3 Prepare Fiber for Transport (Automated handling and packaging),0.396,0.422,0.502,0.067,0.17,0.123
F.16,F.16 Fiber Diameter Control,The system shall control the diameter of the produced ZBLAN fiber within ±1% of the target diameter throughout the drawing process.,2.1.2 Calibrate System,0.396,0.261,0.713,0.091,0.574,0.213
F.16,F.16 Fiber Diameter Control,The system shall control the diameter of the produced ZBLAN fiber within ±1% of the target diameter throughout the drawing process.,5.1.2 Activate Backup Systems,0.385,0.021,1.403,0.083,0.574,0.174
F.15,F.15 Preform Alignment,"The system shall maintain precise alignment of the ZBLAN preform during the fiber drawing process, with a tolerance of ±0.1 mm.",1.1.4 Draw Fiber from Preform,0.475,0.426,0.641,0.167,0.233,0.348
F.15,F.15 Preform Alignment,"The system shall maintain precise alignment of the ZBLAN preform during the fiber drawing process, with a tolerance of ±0.1 mm.",2.1.2 Calibrate System,0.447,0.34,0.713,0.083,0.623,0.213
F.15,F.15 Preform Alignment,"The system shall maintain precise alignment of the ZBLAN preform during the fiber drawing process, with a tolerance of ±0.1 mm.",1.1.7 Monitor Fiber Quality,0.394,0.389,0.548,0.077,0.185,0.174
F.15,F.15 Preform Alignment,"The system shall maintain precise alignment of the ZBLAN preform during the fiber drawing process, with a tolerance of ±0.1 mm.",1.1.6 Spool Fiber,0.383,0.491,0.16,0.083,0.185,0.213
F.15,F.15 Preform Alignment,"The system shall maintain precise alignment of the ZBLAN preform during the fiber drawing process, with a tolerance of ±0.1 mm.",1.1.5 Cool/ Anneal Fiber,0.367,0.381,0.411,0.083,0.185,0.213
F.14,F.14 Remote Monitoring,"The system shall provide remote monitoring capabilities with a data refresh rate of no more than 1 second, allowing ground-based operators to oversee system operations in real-time, with at least 99% uptime",2.1.4.2 Coordinate Remote Repair Support (Ground-based intervention),0.498,0.523,0.648,0.13,0.033,0.254
F.14,F.14 Remote Monitoring,"The system shall provide remote monitoring capabilities with a data refresh rate of no more than 1 second, allowing ground-based operators to oversee system operations in real-time, with at least 99% uptime",5.2.1 Receive Remote Commands,0.484,0.278,1.476,0.048,0.0,0.129
F.14,F.14 Remote Monitoring,"The system shall provide remote monitoring capabilities with a data refresh rate of no more than 1 second, allowing ground-based operators to oversee system operations in real-time, with at least 99% uptime",4.2.2 Coordinate Resource Transfers (Remote coordination),0.455,0.41,0.953,0.043,0.0,0.1
F.14,F.14 Remote Monitoring,"The system shall provide remote monitoring capabilities with a data refresh rate of no more than 1 second, allowing ground-based operators to oversee system operations in real-time, with at least 99% uptime",1.2.1 Collect Real-Time Production Data,0.431,0.427,0.669,0.091,0.029,0.2
F.14,F.14 Remote Monitoring,"The system shall provide remote monitoring capabilities with a data refresh rate of no more than 1 second, allowing ground-based operators to oversee system operations in real-time, with at least 99% uptime",2.1.5.2 Remote Monitoring of Repair Testing,0.412,0.531,0.252,0.095,0.014,0.224
F.13,F.13 Automated Inspection,The system shall perform automated inspections of manufactured products to ensure compliance with quality standards.,2.1.1 Inspect System,0.453,0.394,0.523,0.083,0.734,0.213
F.13,F.13 Automated Inspection,The system shall perform automated inspections of manufactured products to ensure compliance with quality standards.,2.1.1.2 Monitor System Health,0.445,0.346,0.658,0.077,0.734,0.174
F.13,F.13 Automated Inspection,The system shall perform automated inspections of manufactured products to ensure compliance with quality standards.,3.1.1.1 Conduct Autonomous Safety Inspections,0.411,0.584,0.145,0.071,0.018,0.151
F.13,F.13 Automated Inspection,The system shall perform automated inspections of manufactured products to ensure compliance with quality standards.,3.1.1 Monitor Safety Standards (Automated safety checks),0.407,0.515,0.198,0.143,0.053,0.246
F.13,F.13 Automated Inspection,The system shall perform automated inspections of manufactured products to ensure compliance with quality standards.,2.1.2 Calibrate System,0.402,0.305,0.537,0.083,0.734,0.213
F.12,F.12 Process Optimization,The system shall implement process optimization algorithms that improve manufacturing efficiency by at least 15% and reduce product defects to less than 2% of total production,1.2.2 Analyze Production Efficiency,0.451,0.557,0.212,0.133,0.174,0.309
F.12,F.12 Process Optimization,The system shall implement process optimization algorithms that improve manufacturing efficiency by at least 15% and reduce product defects to less than 2% of total production,2.1.4 Repair System,0.407,0.326,0.583,0.067,0.625,0.189
F.12,F.12 Process Optimization,The system shall implement process optimization algorithms that improve manufacturing efficiency by at least 15% and reduce product defects to less than 2% of total production,1.2.3 Detect Production Anomalies,0.396,0.409,0.536,0.062,0.151,0.154
F.12,F.12 Process Optimization,The system shall implement process optimization algorithms that improve manufacturing efficiency by at least 15% and reduce product defects to less than 2% of total production,2.1.2 Calibrate System,0.39,0.25,0.726,0.067,0.625,0.189
F.12,F.12 Process Optimization,The system shall implement process optimization algorithms that improve manufacturing efficiency by at least 15% and reduce product defects to less than 2% of total production,6.2.3 Generate Optimization Suggestions (Autonomous optimization algorithms),0.388,0.376,0.571,0.118,0.023,0.218
F.11,F.11 Emergency Procedures,The system shall have automated emergency shutdown and safing procedures that can be initiated within 60 seconds of detecting a critical anomaly.,6.1.2 Log System Data,0.531,0.216,1.43,0.071,0.843,0.167
F.11,F.11 Emergency Procedures,The system shall have automated emergency shutdown and safing procedures that can be initiated within 60 seconds of detecting a critical anomaly.,2.1.1.2 Monitor System Health,0.468,0.357,0.658,0.071,0.91,0.167
F.11,F.11 Emergency Procedures,The system shall have automated emergency shutdown and safing procedures that can be initiated within 60 seconds of detecting a critical anomaly.,2.1.1.1 Conduct Autonomous Diagnostics,0.437,0.483,0.735,0.0,0.0,0.0
F.11,F.11 Emergency Procedures,The system shall have automated emergency shutdown and safing procedures that can be initiated within 60 seconds of detecting a critical anomaly.,2.1.4.1 Initiate Autonomous Repairs (Remote or autonomous actions),0.411,0.433,0.635,0.062,0.0,0.118
F.11,F.11 Emergency Procedures,The system shall have automated emergency shutdown and safing procedures that can be initiated within 60 seconds of detecting a critical anomaly.,2.3.2 Regulate System Temperature,0.393,0.246,0.607,0.071,0.926,0.167
F.10,F.10 Data Security,"The system shall implement encryption and secure data transmission protocols for all data exchanges between the orbital platform and ground stations, meeting or exceeding current industry standards for data security.",3.2.3 Implement Safety Measures (Automated actions to mitigate risk),0.435,0.346,1.054,0.038,0.0,0.082
F.10,F.10 Data Security,"The system shall implement encryption and secure data transmission protocols for all data exchanges between the orbital platform and ground stations, meeting or exceeding current industry standards for data security.",7.1.1 Receive and Secure Modules in Orbit,0.433,0.548,0.421,0.043,0.0,0.109
F.10,F.10 Data Security,"The system shall implement encryption and secure data transmission protocols for all data exchanges between the orbital platform and ground stations, meeting or exceeding current industry standards for data security.",6.1.3 Store Performance Data,0.414,0.109,1.583,0.045,0.105,0.126
F.10,F.10 Data Security,"The system shall implement encryption and secure data transmission protocols for all data exchanges between the orbital platform and ground stations, meeting or exceeding current industry standards for data security.",1.2.5 Transmit Data to Ground Control,0.33,0.409,0.145,0.091,0.154,0.218
F.10,F.10 Data Security,"The system shall implement encryption and secure data transmission protocols for all data exchanges between the orbital platform and ground stations, meeting or exceeding current industry standards for data security.",2.4.2 Analyze Radiation Exposure Data,0.321,0.188,0.891,0.043,0.105,0.109
F.9,F.9 Maintenance and Serviceability,"The system shall be designed to allow for component replacement or servicing in orbit, with at least 80% of critical components being replaceable without requiring a return to Earth.",2.1.4 Repair System,0.469,0.543,0.18,0.071,0.737,0.189
F.9,F.9 Maintenance and Serviceability,"The system shall be designed to allow for component replacement or servicing in orbit, with at least 80% of critical components being replaceable without requiring a return to Earth.",6.2.1 Evaluate Performance Metrics (Autonomous analysis),0.364,0.118,1.468,0.0,0.0,0.0
F.9,F.9 Maintenance and Serviceability,"The system shall be designed to allow for component replacement or servicing in orbit, with at least 80% of critical components being replaceable without requiring a return to Earth.",2.1.5 Test System After Repairs,0.363,0.378,0.166,0.067,0.737,0.154
F.9,F.9 Maintenance and Serviceability,"The system shall be designed to allow for component replacement or servicing in orbit, with at least 80% of critical components being replaceable without requiring a return to Earth.",2.4.3 Adjust Operations for Radiation Protection,0.356,0.311,0.848,0.0,0.0,0.0
F.9,F.9 Maintenance and Serviceability,"The system shall be designed to allow for component replacement or servicing in orbit, with at least 80% of critical components being replaceable without requiring a return to Earth.",3.1.1 Monitor Safety Standards (Automated safety checks),0.353,0.305,0.85,0.0,0.0,0.0
F.8,F.8 Waste Management,"The system shall incorporate waste management capabilities, including the ability to recycle at least 50% of waste materials generated during the manufacturing process.",4.2.3 Prepare Fiber for Transport (Automated handling and packaging),0.321,0.283,0.758,0.0,0.0,0.0
F.8,F.8 Waste Management,"The system shall incorporate waste management capabilities, including the ability to recycle at least 50% of waste materials generated during the manufacturing process.",6.2.2 Identify Performance Bottlenecks,0.321,0.034,1.502,0.0,0.0,0.0
F.8,F.8 Waste Management,"The system shall incorporate waste management capabilities, including the ability to recycle at least 50% of waste materials generated during the manufacturing process.",5.1.2 Activate Backup Systems,0.312,0.175,0.558,0.067,0.66,0.154
F.8,F.8 Waste Management,"The system shall incorporate waste management capabilities, including the ability to recycle at least 50% of waste materials generated during the manufacturing process.",2.3.2 Regulate System Temperature,0.307,0.171,0.549,0.067,0.66,0.154
F.8,F.8 Waste Management,"The system shall incorporate waste management capabilities, including the ability to recycle at least 50% of waste materials generated during the manufacturing process.",1.2.2 Analyze Production Efficiency,0.307,0.301,0.633,0.0,0.0,0.0
F.7,F.7 Timeliness,The system shall ensure timely execution of manufacturing processes and respond promptly to operational commands and events.,1.2.1 Collect Real-Time Production Data,0.46,0.449,0.954,0.0,0.0,0.0
F.7,F.7 Timeliness,The system shall ensure timely execution of manufacturing processes and respond promptly to operational commands and events.,4.2.1 Schedule Resupply Operations (Automated scheduling),0.423,0.478,0.68,0.0,0.0,0.0
F.7,F.7 Timeliness,The system shall ensure timely execution of manufacturing processes and respond promptly to operational commands and events.,2.1.1 Inspect System,0.416,0.277,0.682,0.077,0.778,0.204
F.7,F.7 Timeliness,The system shall ensure timely execution of manufacturing processes and respond promptly to operational commands and events.,3.2.3 Implement Safety Measures (Automated actions to mitigate risk),0.406,0.489,0.563,0.0,0.0,0.0
F.7,F.7 Timeliness,The system shall ensure timely execution of manufacturing processes and respond promptly to operational commands and events.,2.1.2 Calibrate System,0.381,0.207,0.717,0.077,0.778,0.204
F.6,F.6 Risk Management,"The system shall implement risk management strategies that reduce identified operational hazards by at least 90%, ensuring mission success, as verified through a risk assessment showing a reduction in risk exposure by 90% or more and achieving a residual risk level of less than 5% of the total risk exposure.",3.2.3 Implement Safety Measures (Automated actions to mitigate risk),0.545,0.665,0.563,0.074,0.04,0.145
F.6,F.6 Risk Management,"The system shall implement risk management strategies that reduce identified operational hazards by at least 90%, ensuring mission success, as verified through a risk assessment showing a reduction in risk exposure by 90% or more and achieving a residual risk level of less than 5% of the total risk exposure.",7.1.1 Receive and Secure Modules in Orbit,0.459,0.185,1.739,0.0,0.0,0.0
F.6,F.6 Risk Management,"The system shall implement risk management strategies that reduce identified operational hazards by at least 90%, ensuring mission success, as verified through a risk assessment showing a reduction in risk exposure by 90% or more and achieving a residual risk level of less than 5% of the total risk exposure.",2.4.2 Analyze Radiation Exposure Data,0.386,0.312,0.895,0.04,0.022,0.096
F.6,F.6 Risk Management,"The system shall implement risk management strategies that reduce identified operational hazards by at least 90%, ensuring mission success, as verified through a risk assessment showing a reduction in risk exposure by 90% or more and achieving a residual risk level of less than 5% of the total risk exposure.",8.2.7 Regulate Propellant Flow,0.381,0.173,1.385,0.0,0.0,0.0
F.6,F.6 Risk Management,"The system shall implement risk management strategies that reduce identified operational hazards by at least 90%, ensuring mission success, as verified through a risk assessment showing a reduction in risk exposure by 90% or more and achieving a residual risk level of less than 5% of the total risk exposure.",2.1.4 Repair System,0.361,0.232,0.693,0.043,0.61,0.136
F.5,F.5 Scientific Experimentation,The system shall enable scientific experiments in microgravity alongside manufacturing operations.,1.3.1 Monitor Microgravity Conditions,0.479,0.546,0.543,0.091,0.053,0.192
F.5,F.5 Scientific Experimentation,The system shall enable scientific experiments in microgravity alongside manufacturing operations.,1.3.2 Detect Off-Nominal Microgravity Conditions,0.446,0.548,0.392,0.083,0.053,0.167
F.5,F.5 Scientific Experimentation,The system shall enable scientific experiments in microgravity alongside manufacturing operations.,2.3.6 Insulate System Thermally,0.351,0.168,0.7,0.091,0.727,0.192
F.5,F.5 Scientific Experimentation,The system shall enable scientific experiments in microgravity alongside manufacturing operations.,7.1.2 Prepare for Hardware Installation,0.338,0.098,1.397,0.0,0.0,0.0
F.5,F.5 Scientific Experimentation,The system shall enable scientific experiments in microgravity alongside manufacturing operations.,1.2.1 Collect Real-Time Production Data,0.335,0.293,0.798,0.0,0.0,0.0
F.4,F.4 Packaging and Storage,The system shall package and store completed ZBLAN fibers for return to Earth.,4.2.3 Prepare Fiber for Transport (Automated handling and packaging),0.417,0.557,0.18,0.071,0.187,0.136
F.4,F.4 Packaging and Storage,The system shall package and store completed ZBLAN fibers for return to Earth.,2.1.4 Repair System,0.366,0.225,0.622,0.1,0.632,0.236
F.4,F.4 Packaging and Storage,The system shall package and store completed ZBLAN fibers for return to Earth.,1.1.5 Cool/ Anneal Fiber,0.362,0.362,0.411,0.1,0.187,0.236
F.4,F.4 Packaging and Storage,The system shall package and store completed ZBLAN fibers for return to Earth.,5.1.2 Activate Backup Systems,0.357,0.202,0.675,0.091,0.632,0.192
F.4,F.4 Packaging and Storage,The system shall package and store completed ZBLAN fibers for return to Earth.,2.4.3 Adjust Operations for Radiation Protection,0.338,0.225,1.014,0.0,0.0,0.0
F.3,F.3 Real-Time Monitoring,"The system shall monitor and adjust manufacturing parameters in real-time with a response time of less than 500 ms to maintain product quality, as verified through operational testing and quality control data.",1.2.1 Collect Real-Time Production Data,0.521,0.552,0.571,0.158,0.132,0.308
F.3,F.3 Real-Time Monitoring,"The system shall monitor and adjust manufacturing parameters in real-time with a response time of less than 500 ms to maintain product quality, as verified through operational testing and quality control data.",2.1.2 Calibrate System,0.466,0.41,0.712,0.056,0.499,0.162
F.3,F.3 Real-Time Monitoring,"The system shall monitor and adjust manufacturing parameters in real-time with a response time of less than 500 ms to maintain product quality, as verified through operational testing and quality control data.",7.1.4 Verify Hardware Installation,0.413,0.155,1.484,0.053,0.0,0.132
F.3,F.3 Real-Time Monitoring,"The system shall monitor and adjust manufacturing parameters in real-time with a response time of less than 500 ms to maintain product quality, as verified through operational testing and quality control data.",2.1.1 Inspect System,0.393,0.366,0.478,0.056,0.499,0.162
F.3,F.3 Real-Time Monitoring,"The system shall monitor and adjust manufacturing parameters in real-time with a response time of less than 500 ms to maintain product quality, as verified through operational testing and quality control data.",4.1.3 Receive Resupply,0.385,0.225,1.252,0.0,0.0,0.0
F.2,F.2 Fiber Drawing,The system shall draw ZBLAN fibers from the heated preform at a consistent rate.,1.1.4 Draw Fiber from Preform,0.48,0.408,0.43,0.333,0.25,0.577
F.2,F.2 Fiber Drawing,The system shall draw ZBLAN fibers from the heated preform at a consistent rate.,1.1.5 Cool/ Anneal Fiber,0.408,0.439,0.411,0.1,0.188,0.236
F.2,F.2 Fiber Drawing,The system shall draw ZBLAN fibers from the heated preform at a consistent rate.,1.1.3 Heat Preform,0.39,0.365,0.61,0.1,0.049,0.236
F.2,F.2 Fiber Drawing,The system shall draw ZBLAN fibers from the heated preform at a consistent rate.,1.2.5.2 Amplify High Rate Transmission,0.383,0.219,1.063,0.083,0.056,0.167
F.2,F.2 Fiber Drawing,The system shall draw ZBLAN fibers from the heated preform at a consistent rate.,2.1.4 Repair System,0.358,0.147,0.818,0.1,0.632,0.236
F.1,F.1 Secondary Missions,The system shall support secondary missions without compromising primary ZBLAN fiber production objectives.,2.1.4 Repair System,0.395,0.229,0.809,0.083,0.572,0.213
F.1,F.1 Secondary Missions,The system shall support secondary missions without compromising primary ZBLAN fiber production objectives.,1.1.4 Draw Fiber from Preform,0.38,0.304,0.742,0.077,0.17,0.174
F.1,F.1 Secondary Missions,The system shall support secondary missions without compromising primary ZBLAN fiber production objectives.,1.1.6 Spool Fiber,0.363,0.352,0.485,0.083,0.17,0.213
F.1,F.1 Secondary Missions,The system shall support secondary missions without compromising primary ZBLAN fiber production objectives.,1.2.3 Detect Production Anomalies,0.347,0.226,0.822,0.077,0.138,0.174
F.1,F.1 Secondary Missions,The system shall support secondary missions without compromising primary ZBLAN fiber production objectives.,4.2.3 Prepare Fiber for Transport (Automated handling and packaging),0.336,0.43,0.18,0.062,0.17,0.123
C.11,C.11 Technology Readiness,All components of the system shall be at Technology Readiness Level (TRL) 6 or higher before integration into the final system.,2.1.4 Repair System,0.432,0.343,0.709,0.091,0.452,0.213
C.11,C.11 Technology Readiness,All components of the system shall be at Technology Readiness Level (TRL) 6 or higher before integration into the final system.,7.2.3 Install/Activate Software,0.353,0.121,1.401,0.0,0.0,0.0
C.11,C.11 Technology Readiness,All components of the system shall be at Technology Readiness Level (TRL) 6 or higher before integration into the final system.,2.1.5 Test System After Repairs,0.329,0.339,0.229,0.083,0.452,0.174
C.11,C.11 Technology Readiness,All components of the system shall be at Technology Readiness Level (TRL) 6 or higher before integration into the final system.,3.2.2 Analyze Safety Data,0.301,0.286,0.647,0.0,0.0,0.0
C.11,C.11 Technology Readiness,All components of the system shall be at Technology Readiness Level (TRL) 6 or higher before integration into the final system.,2.1.2 Calibrate System,0.295,0.266,0.252,0.091,0.452,0.213
C.10,C.10 Economic Viability,The system shall demonstrate a positive return on investment within 5 years of full operational capability.,5.1.1 Initiate System Restarts,0.356,0.179,0.62,0.091,0.87,0.192
C.10,C.10 Economic Viability,The system shall demonstrate a positive return on investment within 5 years of full operational capability.,2.1.2 Calibrate System,0.318,0.137,0.523,0.1,0.87,0.236
C.10,C.10 Economic Viability,The system shall demonstrate a positive return on investment within 5 years of full operational capability.,7.2.4 Verify Software Installation,0.312,0.071,1.348,0.0,0.0,0.0
C.10,C.10 Economic Viability,The system shall demonstrate a positive return on investment within 5 years of full operational capability.,5.1.2 Activate Backup Systems,0.308,0.238,0.205,0.091,0.87,0.192
C.10,C.10 Economic Viability,The system shall demonstrate a positive return on investment within 5 years of full operational capability.,2.1.1 Inspect System,0.299,0.121,0.478,0.1,0.87,0.236
C.9,C.9 End-of-Life Management,The system shall have a defined end-of-life plan that includes safe deorbiting or repurposing of at least 90% of its components.,3.3.3 Execute End-of-Life Deorbiting Procedures,0.39,0.5,0.156,0.143,0.039,0.27
C.9,C.9 End-of-Life Management,The system shall have a defined end-of-life plan that includes safe deorbiting or repurposing of at least 90% of its components.,2.1.4 Repair System,0.386,0.372,0.18,0.083,0.886,0.213
C.9,C.9 End-of-Life Management,The system shall have a defined end-of-life plan that includes safe deorbiting or repurposing of at least 90% of its components.,2.1.5 Test System After Repairs,0.374,0.271,0.449,0.077,0.886,0.174
C.9,C.9 End-of-Life Management,The system shall have a defined end-of-life plan that includes safe deorbiting or repurposing of at least 90% of its components.,2.3.2 Regulate System Temperature,0.351,0.199,0.549,0.077,0.886,0.174
C.9,C.9 End-of-Life Management,The system shall have a defined end-of-life plan that includes safe deorbiting or repurposing of at least 90% of its components.,2.1.1.1 Conduct Autonomous Diagnostics,0.341,0.243,0.975,0.0,0.0,0.0
C.8,C.8 Regulatory Compliance,The system shall adhere to international space treaties and regulations governing manufacturing in orbit.,8.1.2 Calculate Orbital Adjustments,0.44,0.257,1.426,0.0,0.0,0.0
C.8,C.8 Regulatory Compliance,The system shall adhere to international space treaties and regulations governing manufacturing in orbit.,2.3.2 Regulate System Temperature,0.309,0.158,0.517,0.083,0.758,0.183
C.8,C.8 Regulatory Compliance,The system shall adhere to international space treaties and regulations governing manufacturing in orbit.,7.1.1 Receive and Secure Modules in Orbit,0.309,0.416,0.121,0.077,0.042,0.158
C.8,C.8 Regulatory Compliance,The system shall adhere to international space treaties and regulations governing manufacturing in orbit.,2.1.2 Calibrate System,0.293,0.229,0.198,0.091,0.758,0.224
C.8,C.8 Regulatory Compliance,The system shall adhere to international space treaties and regulations governing manufacturing in orbit.,3.1.1 Monitor Safety Standards (Automated safety checks),0.287,0.301,0.53,0.0,0.0,0.0
C.7,C.7 Payload Interference,"The system shall not interfere with other payloads or operations on the host platform, if the system is being hosted.",8.2.1 Execute Orbital Maneuvers,0.365,0.163,1.337,0.0,0.0,0.0
C.7,C.7 Payload Interference,"The system shall not interfere with other payloads or operations on the host platform, if the system is being hosted.",4.1.2 Request Resupply (Autonomous resupply request),0.308,0.221,0.876,0.0,0.0,0.0
C.7,C.7 Payload Interference,"The system shall not interfere with other payloads or operations on the host platform, if the system is being hosted.",7.1.8 Support Platform Structure,0.284,0.199,0.596,0.111,0.036,0.192
C.7,C.7 Payload Interference,"The system shall not interfere with other payloads or operations on the host platform, if the system is being hosted.",4.1.3.1 Coordinate Automated Resource Transfer,0.273,0.264,0.574,0.0,0.0,0.0
C.7,C.7 Payload Interference,"The system shall not interfere with other payloads or operations on the host platform, if the system is being hosted.",7.1.1 Receive and Secure Modules in Orbit,0.251,0.365,0.158,0.0,0.0,0.0
C.6,C.6 Environmental Impact,"The system shall comply with ISO 24113:2019 Space Debris Mitigation Requirements by preventing the generation of debris larger than 1 mm during its operational lifetime and ensuring end-of-life disposal via controlled re-entry within 25 years or transfer to a disposal orbit with a minimum perigee altitude of 2,000 km, as verified through orbital decay analysis.",3.1.1 Monitor Safety Standards (Automated safety checks),0.395,0.344,0.942,0.0,0.0,0.0
C.6,C.6 Environmental Impact,"The system shall comply with ISO 24113:2019 Space Debris Mitigation Requirements by preventing the generation of debris larger than 1 mm during its operational lifetime and ensuring end-of-life disposal via controlled re-entry within 25 years or transfer to a disposal orbit with a minimum perigee altitude of 2,000 km, as verified through orbital decay analysis.",8.1.1 Monitor Orbital Parameters,0.382,0.329,0.836,0.032,0.0,0.104
C.6,C.6 Environmental Impact,"The system shall comply with ISO 24113:2019 Space Debris Mitigation Requirements by preventing the generation of debris larger than 1 mm during its operational lifetime and ensuring end-of-life disposal via controlled re-entry within 25 years or transfer to a disposal orbit with a minimum perigee altitude of 2,000 km, as verified through orbital decay analysis.",2.4.1 Monitor Radiation Levels,0.369,0.274,1.02,0.0,0.0,0.0
C.6,C.6 Environmental Impact,"The system shall comply with ISO 24113:2019 Space Debris Mitigation Requirements by preventing the generation of debris larger than 1 mm during its operational lifetime and ensuring end-of-life disposal via controlled re-entry within 25 years or transfer to a disposal orbit with a minimum perigee altitude of 2,000 km, as verified through orbital decay analysis.",7.1.1 Receive and Secure Modules in Orbit,0.368,0.367,0.649,0.031,0.031,0.09
C.6,C.6 Environmental Impact,"The system shall comply with ISO 24113:2019 Space Debris Mitigation Requirements by preventing the generation of debris larger than 1 mm during its operational lifetime and ensuring end-of-life disposal via controlled re-entry within 25 years or transfer to a disposal orbit with a minimum perigee altitude of 2,000 km, as verified through orbital decay analysis.",8.1.2 Calculate Orbital Adjustments,0.36,0.296,0.828,0.032,0.0,0.104
C.5,C.5 Approved Materials,The system shall use only materials and processes approved for use in the space environment.,2.4.3 Adjust Operations for Radiation Protection,0.368,0.314,0.896,0.0,0.0,0.0
C.5,C.5 Approved Materials,The system shall use only materials and processes approved for use in the space environment.,2.1.2 Calibrate System,0.351,0.209,0.544,0.111,0.703,0.236
C.5,C.5 Approved Materials,The system shall use only materials and processes approved for use in the space environment.,2.1.1 Inspect System,0.338,0.193,0.533,0.111,0.703,0.236
C.5,C.5 Approved Materials,The system shall use only materials and processes approved for use in the space environment.,2.3.2 Regulate System Temperature,0.327,0.115,0.739,0.1,0.703,0.192
C.5,C.5 Approved Materials,The system shall use only materials and processes approved for use in the space environment.,5.1.2 Activate Backup Systems,0.319,0.163,0.558,0.1,0.703,0.192
C.4,C.4 National Goals,"The system shall demonstrate compatibility with at least 90% of technical standards and objectives outlined in the latest published guidance from relevant government agencies (e.g., NASA's Exploration Goals), verified through compliance assessments and interface certifications.",2.1.5 Test System After Repairs,0.364,0.185,0.774,0.042,0.77,0.123
C.4,C.4 National Goals,"The system shall demonstrate compatibility with at least 90% of technical standards and objectives outlined in the latest published guidance from relevant government agencies (e.g., NASA's Exploration Goals), verified through compliance assessments and interface certifications.",1.1.3.1 Hold Heater,0.346,0.047,1.586,0.0,0.0,0.0
C.4,C.4 National Goals,"The system shall demonstrate compatibility with at least 90% of technical standards and objectives outlined in the latest published guidance from relevant government agencies (e.g., NASA's Exploration Goals), verified through compliance assessments and interface certifications.",3.1.1 Monitor Safety Standards (Automated safety checks),0.333,0.452,0.198,0.038,0.056,0.087
C.4,C.4 National Goals,"The system shall demonstrate compatibility with at least 90% of technical standards and objectives outlined in the latest published guidance from relevant government agencies (e.g., NASA's Exploration Goals), verified through compliance assessments and interface certifications.",3.2.3 Implement Safety Measures (Automated actions to mitigate risk),0.314,0.33,0.577,0.0,0.0,0.0
C.4,C.4 National Goals,"The system shall demonstrate compatibility with at least 90% of technical standards and objectives outlined in the latest published guidance from relevant government agencies (e.g., NASA's Exploration Goals), verified through compliance assessments and interface certifications.",7.2.4 Verify Software Installation,0.312,0.251,0.705,0.042,0.0,0.123
C.3,C.3 Power Budget,The system shall operate within the power budget allocated by the host space platform if it is being hosted,4.1.2 Request Resupply (Autonomous resupply request),0.375,0.291,1.004,0.0,0.0,0.0
C.3,C.3 Power Budget,The system shall operate within the power budget allocated by the host space platform if it is being hosted,2.3.2 Regulate System Temperature,0.366,0.259,0.517,0.091,0.707,0.183
C.3,C.3 Power Budget,The system shall operate within the power budget allocated by the host space platform if it is being hosted,2.2.2 Condition Power,0.365,0.392,0.396,0.1,0.085,0.224
C.3,C.3 Power Budget,The system shall operate within the power budget allocated by the host space platform if it is being hosted,1.1.3.2 Rotate Heater Stage,0.352,0.115,1.413,0.0,0.0,0.0
C.3,C.3 Power Budget,The system shall operate within the power budget allocated by the host space platform if it is being hosted,8.2.1 Execute Orbital Maneuvers,0.31,0.147,1.11,0.0,0.0,0.0
C.2,C.2 Debris Mitigation,The system shall adhere to international space debris mitigation guidelines.,3.3.1 Monitor Orbital Environment for Debris,0.401,0.546,0.17,0.091,0.036,0.177
C.2,C.2 Debris Mitigation,The system shall adhere to international space debris mitigation guidelines.,8.1.2 Calculate Orbital Adjustments,0.378,0.289,1.023,0.0,0.0,0.0
C.2,C.2 Debris Mitigation,The system shall adhere to international space debris mitigation guidelines.,3.1.1 Monitor Safety Standards (Automated safety checks),0.327,0.369,0.53,0.0,0.0,0.0
C.2,C.2 Debris Mitigation,The system shall adhere to international space debris mitigation guidelines.,2.1.5 Test System After Repairs,0.319,0.155,0.515,0.1,0.826,0.204
C.2,C.2 Debris Mitigation,The system shall adhere to international space debris mitigation guidelines.,2.4.3 Adjust Operations for Radiation Protection,0.315,0.451,0.22,0.0,0.0,0.0
C.1,C.1 Safety Compliance,The system shall comply with all relevant NASA safety standards for operation on crewed space platforms.,3.1.1 Monitor Safety Standards (Automated safety checks),0.508,0.564,0.53,0.143,0.106,0.246
C.1,C.1 Safety Compliance,The system shall comply with all relevant NASA safety standards for operation on crewed space platforms.,1.3.1 Monitor Microgravity Conditions,0.403,0.327,1.033,0.0,0.0,0.0
C.1,C.1 Safety Compliance,The system shall comply with all relevant NASA safety standards for operation on crewed space platforms.,3.2.3 Implement Safety Measures (Automated actions to mitigate risk),0.367,0.482,0.242,0.059,0.061,0.114
C.1,C.1 Safety Compliance,The system shall comply with all relevant NASA safety standards for operation on crewed space platforms.,2.1.5 Test System After Repairs,0.364,0.25,0.597,0.077,0.62,0.174
C.1,C.1 Safety Compliance,The system shall comply with all relevant NASA safety standards for operation on crewed space platforms.,3.1.1.1 Conduct Autonomous Safety Inspections,0.354,0.482,0.145,0.071,0.061,0.151
